{"Name": "6599.KL", "oneday": [0.5533661740558292, 1.2849550039514177, 1.958127186782996], "twoday": [0.2545155993431856, 1.7667980144591475, 1.8997815936820324], "threeday": [0.11330049261083744, 2.070250671753043, 1.8829784970959222], "fourday": [0.042692939244663386, 2.228932198683127, 1.9175920655836018], "fiveday": [0.021346469622331693, 2.3832173599655664, 1.9325629371425141]}