{"Name": "A", "oneday": [0.5463917525773195, 1.1249334985198987, 2.492690090263665, 2.024258760107817], "twoday": [0.2665684830633284, 1.67676805005696, 2.5723743350963946, 2.0380434782608696], "threeday": [0.10603829160530191, 1.9974263295509314, 2.5811971272619414, 2.0560897435897436], "fourday": [0.042709867452135494, 2.1246011848514823, 2.5633625849564523, 2.0520673813169985], "fiveday": [0.025036818851251842, 2.256858720399659, 2.571677882084876, 2.044776119402985]}