{"Name": "AA", "oneday": [0.518910741301059, 2.002019557581614, 3.7223951177382877, 1.9212827988338192], "threeday": [0.13767019667170954, 5.770962303218951, 4.070007482841852, 2.043956043956044], "fourday": [0.0453857791225416, 6.487006309719972, 3.9967351949939562, 2.0165289256198347], "fiveday": [0.01664145234493192, 7.011818286037831, 4.07391862362711, 1.9696969696969697]}