{"Name": "AAL", "oneday": [0.4896, 2.0551489687195224, 4.980369233831087, 2.1993464052287583], "twoday": [0.2528, 2.8946250852743947, 4.963612101142625, 2.1551724137931036], "threeday": [0.1296, 3.6851852666044063, 4.932676883956019, 2.0972477064220185], "fourday": [0.0608, 3.9564229812705123, 4.882503751560756, 2.0994854202401374], "fiveday": [0.0336, 4.27074301711456, 4.8397998637680395, 2.0860927152317883]}