{"Name": "AAN", "oneday": [0.6, 3.1936525076835767, 10.245786156597035, 2.466666666666667], "twoday": [0.12, 3.5962918493494858, 9.831824690738367, 2.8333333333333335], "threeday": [0.0, 3.5962918493494858, 9.831824690738367, 2.8333333333333335], "fourday": [0.24, 7.315084761513049, 8.288691233434752, 2.625], "fiveday": [0.04, 7.490424653715395, 8.28520341354133, 2.64]}