{"Name": "AAON", "oneday": [0.5520361990950227, 1.704519229908537, 3.13325995803655, 2.0163934426229506], "twoday": [0.24132730015082957, 2.143921677761703, 3.338078608928597, 2.08745247148289], "threeday": [0.11161387631975868, 2.5044267605412625, 3.2854752938459666, 2.0716666666666668], "fourday": [0.042232277526395176, 2.693818224387373, 3.2814930034489747, 2.0605095541401273], "fiveday": [0.03770739064856712, 2.9225877053578078, 3.2884624756046335, 2.0490045941807042]}