{"Name": "AAP", "oneday": [0.510670731707317, 1.287876562018183, 2.4575048959795076, 2.029850746268657], "twoday": [0.2545731707317073, 1.8114792118182577, 2.5683646052489952, 2.0298804780876494], "threeday": [0.125, 2.0918439757660536, 2.6781605297727094, 2.058219178082192], "fourday": [0.06097560975609756, 2.303495643861289, 2.7001089919794956, 2.048076923076923], "fiveday": [0.024390243902439025, 2.401036515913282, 2.693898132037145, 2.04375]}