{"Name": "AAPL", "oneday": [0.5181268882175226, 1.0618870691900577, 2.6161328275795985, 2.1574344023323615], "twoday": [0.24924471299093656, 1.5868135301933834, 2.725930022442173, 2.141732283464567], "threeday": [0.13595166163141995, 1.9689352710310575, 2.6808997361126234, 2.088628762541806], "fourday": [0.05740181268882175, 2.146738599556768, 2.691655734601577, 2.0723270440251573], "fiveday": [0.03172205438066465, 2.2980714292759647, 2.716798062452879, 2.070015220700152]}