{"Name": "AB", "oneday": [0.5516717325227963, 1.3567886942156318, 2.869611390016633, 2.121212121212121], "twoday": [0.22644376899696048, 1.9283907729308278, 2.898835228069112, 2.08984375], "threeday": [0.12006079027355623, 2.3190988869328435, 2.900589489103622, 2.0490693739424706], "fourday": [0.06382978723404255, 2.591859513092659, 2.8762153796742593, 2.0331753554502368], "fiveday": [0.0182370820668693, 2.6826469392099797, 2.9102209059301303, 2.048062015503876]}