{"Name": "ABBV", "oneday": [0.5487571701720841, 1.1835010879901613, 2.5158928247568415, 2.142857142857143], "twoday": [0.23518164435946462, 1.6430182685792163, 2.616630814383513, 2.1634146341463416], "threeday": [0.11089866156787763, 1.983531679872115, 2.5437645604769954, 2.1175213675213675], "fourday": [0.05353728489483748, 2.1528886372304172, 2.618292503977737, 2.1169354838709675], "fiveday": [0.03441682600382409, 2.3449365762163534, 2.6306600552908286, 2.132295719844358]}