{"Name": "ABC", "oneday": [0.5347432024169184, 1.082635243579665, 2.2357595012222893, 2.172316384180791], "twoday": [0.26586102719033233, 1.55609677138873, 2.3084473392124067, 2.120754716981132], "threeday": [0.12537764350453173, 1.8101685425614806, 2.3584120711194774, 2.132137030995106], "fourday": [0.03474320241691843, 1.9219861619157212, 2.339625406033689, 2.1226415094339623], "fiveday": [0.021148036253776436, 2.011809415108049, 2.325685363853583, 2.123076923076923]}