{"Name": "ABCO", "oneday": [0.8831521739130435, 1.4882095062173333, 0.9554674544839168, 1.2769230769230768], "twoday": [0.09239130434782608, 1.6714944641862353, 0.9749111703187701, 1.2785515320334262], "threeday": [0.021739130434782608, 1.749885795083125, 0.9757061430403978, 1.2779291553133516], "fourday": [0.002717391304347826, 1.7606586295448046, 0.9730547676517011, 1.2771739130434783], "fiveday": [0.0, 1.7606586295448046, 0.9730547676517011, 1.2771739130434783]}