{"Name": "ABI.BR", "oneday": [0.526080476900149, 1.175373594254823, 2.3408660723240438], "twoday": [0.22652757078986588, 1.5184341135269555, 2.2530889512786243], "threeday": [0.13412816691505217, 1.8295482315316192, 2.2728678232129895], "fourday": [0.06855439642324888, 2.0233784435636144, 2.272128903828571], "fiveday": [0.026825633383010434, 2.137402631053234, 2.2775200524016945]}