{"Name": "ABM", "oneday": [0.5411764705882353, 1.289647464118236, 2.4902773381603724, 1.888586956521739], "twoday": [0.26029411764705884, 1.7704037718462042, 2.447130582999538, 1.9559633027522936], "threeday": [0.11176470588235295, 2.061640378508717, 2.4534590558313774, 1.9468599033816425], "fourday": [0.04411764705882353, 2.227093836121042, 2.468506019922224, 1.946236559139785], "fiveday": [0.023529411764705882, 2.3232566871480853, 2.4960141516917154, 1.9550224887556222]}