{"Name": "ABMD", "oneday": [0.5496987951807228, 1.9504626412681179, 3.9643804452031786, 2.0876712328767124], "twoday": [0.2469879518072289, 2.4308716850095187, 4.055793663693149, 2.0831758034026464], "threeday": [0.10843373493975904, 2.9361111450082533, 4.128825612923238, 2.074875207986689], "fiveday": [0.018072289156626505, 10.772682465711215, 4.056702972377598, 1.75]}