{"Name": "ABT", "oneday": [0.5480916030534351, 1.0366091180157744, 1.899361252250129, 2.002785515320334], "twoday": [0.24885496183206107, 1.3316626230191086, 1.9894211465720077, 2.086206896551724], "threeday": [0.10687022900763359, 1.4453151527168997, 1.975607524551037, 2.081081081081081], "fourday": [0.050381679389312976, 1.58954414862904, 2.0480661503663935, 2.0992], "fiveday": [0.024427480916030534, 1.6847879762021496, 2.0652918904266606, 2.1060842433697347]}