{"Name": "ABX.TO", "oneday": [0.5126676602086438, 2.0165319976674243, 3.734588790879142], "twoday": [0.2533532041728763, 2.5304459365465317, 3.7183319045106136], "threeday": [0.11624441132637854, 2.9914854918673486, 3.664367831548357], "fourday": [0.06259314456035768, 3.3441266544384645, 3.6140552237235717], "fiveday": [0.03278688524590164, 3.480092218957934, 3.6129112998799644]}