{"Name": "AC", "oneday": [0.5126050420168067, 1.6766511895782676, 3.0774686696648827], "twoday": [0.23809523809523808, 2.3666996275996044, 3.2141018319109227], "threeday": [0.12605042016806722, 2.7397370374253542, 3.1974256279536104], "fourday": [0.06722689075630252, 2.976771831967771, 3.210074479971816], "fiveday": [0.0392156862745098, 8.201691315399769, 3.625113858793802]}