{"Name": "AC.PA", "oneday": [0.46594427244582043, 1.2701450434073989, 2.6698935497716056], "twoday": [0.25541795665634676, 1.8527040907222974, 2.6693744863034734], "threeday": [0.1393188854489164, 2.283835529256279, 2.879741779859565], "fourday": [0.07275541795665634, 2.5499837644304133, 2.9187209087760544], "fiveday": [0.03560371517027864, 6.951903390690655, 3.762525238037193]}