{"Name": "ACAD", "twoday": [0.2542113323124043, 5.862562863451082, 5.96097973701168, 1.8855421686746987], "threeday": [0.11638591117917305, 7.534241582399848, 6.433149807635584, 2.0454545454545454], "fourday": [0.06125574272588055, 8.000771671875365, 6.179267280251527, 2.0141843971631204], "fiveday": [0.02450229709035222, 8.288957769931113, 6.353645311295228, 2.023489932885906]}