{"Name": "ACET", "oneday": [0.4880382775119617, 3.7091331468861073, 6.69127055787194, 1.8333333333333333], "twoday": [0.2535885167464115, 5.820486465842306, 7.441325606188004, 1.8838709677419354], "threeday": [0.14832535885167464, 10.56293554308666, 7.40281170821217, 1.8548387096774193], "fiveday": [0.023923444976076555, 23.29296731756418, 6.128683554334495, 2.0]}