{"Name": "ACH", "oneday": [0.48396946564885496, 2.200863722993949, 4.528044344656701, 1.9432176656151419], "twoday": [0.233587786259542, 2.9275113345117187, 4.407462493916824, 1.9106382978723404], "fourday": [0.08549618320610687, 7.9415548402108005, 3.532373613255538, 1.8928571428571428], "fiveday": [0.0366412213740458, 9.020090832645558, 3.605692638477639, 1.7375]}