{"Name": "ACIW", "oneday": [0.5289634146341463, 1.4091965353061435, 2.791632506489356, 2.0028818443804033], "twoday": [0.25152439024390244, 1.86264450388924, 2.8629193165511544, 2.02734375], "threeday": [0.12195121951219512, 2.293040879726487, 2.953686584567628, 2.0557432432432434], "fourday": [0.04573170731707317, 2.479699947004136, 2.961861455313801, 2.0482315112540195], "fiveday": [0.024390243902439025, 2.6046483368213473, 2.9764544153283174, 2.042319749216301]}