{"Name": "ACM", "oneday": [0.5207373271889401, 1.4597029376676072, 2.9545317850801327, 2.0412979351032448], "twoday": [0.2534562211981567, 1.9993979677567637, 3.025485441852034, 2.0992063492063493], "threeday": [0.1259600614439324, 2.43468428116039, 2.9734997059078596, 2.080204778156997], "fourday": [0.05837173579109063, 2.625459007745457, 3.015088052876202, 2.094551282051282], "fiveday": [0.02457757296466974, 2.7938642662507243, 3.0075846890708338, 2.09375]}