{"Name": "ACN", "oneday": [0.5643712574850299, 0.9636358139191868, 1.9805645032230108, 2.1618037135278514], "twoday": [0.25, 1.3397982840045124, 2.0262704285990862, 2.0974264705882355], "threeday": [0.10329341317365269, 1.5668041808430504, 2.073355884230257, 2.133768352365416], "fourday": [0.04790419161676647, 1.7257620056883516, 2.1024085956036433, 2.125581395348837], "fiveday": [0.017964071856287425, 1.7667994917678282, 2.0935378771576425, 2.1187214611872145]}