{"Name": "ACOR", "oneday": [0.521021021021021, 2.7924660609709138, 4.1861667867617705, 1.8645533141210375], "twoday": [0.24774774774774774, 3.649489707943797, 4.601920663164074, 1.8671875], "threeday": [0.10960960960960961, 4.127433004036813, 4.687983424184795, 1.8666666666666667], "fourday": [0.057057057057057055, 4.858397393362246, 4.82374467390395, 1.8796147672552166], "fiveday": [0.03453453453453453, 5.282140871475613, 4.85916544896389, 1.8823529411764706]}