{"Name": "ACP", "oneday": [0.567741935483871, 0.8345857408246947, 1.3527940704970463], "twoday": [0.23548387096774193, 1.1074868909541433, 1.421764801418294], "threeday": [0.09516129032258064, 1.2025189161400742, 1.4284414180920797], "fourday": [0.0467741935483871, 1.3084388854029305, 1.4182238318211478], "fiveday": [0.03064516129032258, 1.4103145369853427, 1.4365479602071434]}