{"Name": "ACTG", "oneday": [0.5186846038863976, 2.370605773541166, 3.9683643373144384, 1.7579250720461095], "threeday": [0.11360239162929746, 7.395250738938278, 5.350862326964714, 2.039473684210526], "fourday": [0.04783258594917788, 8.374749359089643, 5.334543174271012, 1.9907407407407407], "fiveday": [0.04185351270553064, 9.07762157237638, 5.129673544874588, 2.014705882352941]}