{"Name": "ADBE", "oneday": [0.5930232558139535, 1.274115084404787, 2.3741780680636952, 1.9313725490196079], "twoday": [0.2311046511627907, 1.617577023470555, 2.5190997680961513, 2.0229276895943564], "threeday": [0.09156976744186046, 1.8935083402857258, 2.577224493125052, 2.026984126984127], "fourday": [0.05377906976744186, 2.106657882497591, 2.645008439542863, 2.0464767616191906], "fiveday": [0.015988372093023256, 2.166931163125039, 2.636464172605868, 2.0471976401179943]}