{"Name": "ADC", "oneday": [0.5085803432137286, 1.1073303440701774, 2.238549464263944, 2.165644171779141], "twoday": [0.25585023400936036, 1.5488607504366578, 2.2308679040269075, 2.126530612244898], "threeday": [0.12792511700468018, 1.7766507108780647, 2.2348500405149725, 2.1188811188811187], "fourday": [0.07020280811232449, 1.9562681035248906, 2.212421642600221, 2.098865478119935], "fiveday": [0.0202808112324493, 2.0272890190669117, 2.198724537067252, 2.0936507936507938]}