{"Name": "ADES", "twoday": [0.21503759398496242, 5.74627418895855, 4.56851789147869, 1.832167832167832], "threeday": [0.13533834586466165, 6.173608195665456, 4.991665346184261, 1.8626609442060085], "fourday": [0.061654135338345864, 6.662505864232415, 4.886770312435705, 1.8503649635036497], "fiveday": [0.022556390977443608, 7.03453856209457, 4.970027546693083, 1.8477508650519032]}