{"Name": "ADI", "oneday": [0.5557184750733137, 1.2862980907124948, 2.5632969096656324, 1.9973614775725594], "twoday": [0.23020527859237536, 1.7213105801087774, 2.5479630275199585, 2.0093283582089554], "threeday": [0.12316715542521994, 2.0169839282911655, 2.4981019389631425, 1.9548387096774194], "fourday": [0.04985337243401759, 2.154420735720934, 2.532852932840901, 1.9648318042813455], "fiveday": [0.024926686217008796, 2.246237655506605, 2.5240958463808933, 1.9657228017883757]}