{"Name": "ADM", "oneday": [0.5727136431784108, 1.1772157977532325, 2.2303645748246694, 2.0706806282722514], "twoday": [0.21889055472263869, 1.5293388863785922, 2.2621831124551117, 2.039772727272727], "threeday": [0.1199400299850075, 1.7889932853357964, 2.1979509904955807, 2.0279605263157894], "fourday": [0.046476761619190406, 1.9215146541671673, 2.2122127806058334, 2.0375586854460095], "fiveday": [0.020989505247376312, 2.026321925233456, 2.2227491857477295, 2.0413476263399692]}