{"Name": "ADP", "oneday": [0.575037147102526, 0.9984699545212954, 1.8322033699152633, 2.136950904392765], "twoday": [0.2451708766716196, 1.2849095621949118, 1.9411900369862511, 2.141304347826087], "threeday": [0.10549777117384844, 1.454484692331074, 1.9186873263400253, 2.1219903691813804], "fourday": [0.04011887072808321, 1.5673906550379402, 1.9282013887091496, 2.106153846153846], "fiveday": [0.020802377414561663, 1.6223052789866832, 1.9219757231893733, 2.1069277108433737]}