{"Name": "ADS", "oneday": [0.5326251896813353, 1.3360302867425407, 3.004495786868594, 2.0598290598290596], "twoday": [0.2488619119878604, 1.9533063534162634, 3.1270856985060744, 2.1184466019417476], "threeday": [0.11836115326251896, 2.638187316027226, 3.190724206142923, 2.0860033726812817], "fourday": [0.05311077389984825, 2.836837451572993, 3.1561433459946695, 2.0764331210191083], "fiveday": [0.025796661608497723, 2.9235530460825387, 3.149101564179006, 2.074418604651163]}