{"Name": "ADSK", "oneday": [0.5511111111111111, 1.4671223860168021, 3.1996630533818675, 2.0698924731182795], "twoday": [0.2562962962962963, 2.074131482284239, 3.229773165650943, 2.0807339449541282], "threeday": [0.10666666666666667, 2.463424169199781, 3.2254392038603648, 2.059967585089141], "fourday": [0.045925925925925926, 2.681272762938308, 3.217702678006676, 2.052469135802469], "fiveday": [0.01925925925925926, 2.778678069074414, 3.2250014328910663, 2.05446293494705]}