{"Name": "ADT", "twoday": [0.30985915492957744, 5.351298214143468, 3.87125206224642, 1.7878787878787878], "threeday": [0.0892018779342723, 6.034885478519086, 4.100807975815248, 1.8588235294117648], "fourday": [0.06103286384976526, 6.747134009167531, 4.09358541899631, 1.8775510204081634], "fiveday": [0.028169014084507043, 7.243862188106221, 4.076033880935798, 1.8557692307692308]}