{"Name": "ADXS", "oneday": [0.5067669172932331, 5.087509808618608, 9.189350453073624, 1.8308605341246291], "twoday": [0.24812030075187969, 6.6078807217231486, 8.666274924970166, 1.7808764940239044], "threeday": [0.12481203007518797, 7.952745389084033, 8.826500062635793, 1.7863247863247864], "fiveday": [0.031578947368421054, 25.1617767545404, 9.461990692667806, 1.5714285714285714]}