{"Name": "AEE", "oneday": [0.5592705167173252, 0.9409522493875657, 1.8108810260115025, 2.0625], "twoday": [0.22644376899696048, 1.2531901369135088, 1.8343938083421105, 2.0831721470019344], "threeday": [0.12613981762917933, 1.4916936371714986, 1.8542205580951072, 2.0966666666666667], "fourday": [0.05167173252279635, 1.6402410305810138, 1.909002260519686, 2.1246056782334386], "fiveday": [0.019756838905775075, 1.6896273536369206, 1.9127599455773774, 2.1298299845440494]}