{"Name": "AEGG", "oneday": [0.8783783783783784, 29.108933985453024, 14.056664757371644], "twoday": [0.10472972972972973, 30.18908466725489, 14.266801113911946], "threeday": [0.016891891891891893, 30.414972005093862, 14.34436500221059]}