{"Name": "AEIS", "oneday": [0.5336322869955157, 1.9205115808614366, 3.9694875057668497, 1.9971988795518207], "twoday": [0.24962630792227206, 2.528260588769032, 3.867976670359733, 2.0419847328244276], "threeday": [0.12406576980568013, 2.979366111189955, 3.9280709863797365, 2.018121911037891], "fourday": [0.05680119581464873, 3.313606838087476, 3.9340130131655844, 2.026356589147287], "fiveday": [0.01943198804185351, 3.3991957633962246, 3.9187807979566123, 2.0182370820668694]}