{"Name": "AEM", "oneday": [0.5309859154929577, 1.904306650322449, 3.8492763472059357, 1.8753315649867375], "twoday": [0.2647887323943662, 2.5934280517556805, 3.8145568941916923, 1.8654867256637169], "threeday": [0.11690140845070422, 3.077729694313739, 3.739099201182667, 1.8487654320987654], "fourday": [0.04929577464788732, 3.4079534615057887, 3.702431679636017, 1.8404099560761347], "fiveday": [0.023943661971830985, 3.567122856208624, 3.6947385172055593, 1.83]}