{"Name": "AEO", "oneday": [0.5264750378214826, 2.019295303131918, 3.3130564628954744, 1.9396551724137931], "twoday": [0.26021180030257185, 2.6335488336908424, 3.6271411248036585, 1.998076923076923], "threeday": [0.1059001512859304, 3.1109409013493985, 3.661272421722773, 1.988135593220339], "fourday": [0.059001512859304085, 3.4483847209111054, 3.766675041105027, 2.001589825119237], "fiveday": [0.036308623298033284, 3.6665865011197045, 3.8125559186687052, 2.012251148545176]}