{"Name": "AEP", "oneday": [0.536923076923077, 0.8387169956847998, 1.7074537656623434, 2.0916905444126073], "twoday": [0.2553846153846154, 1.1374493531808427, 1.6814297346327414, 2.0970873786407767], "threeday": [0.12307692307692308, 1.3598278764044769, 1.7081352191456827, 2.119327731092437], "fourday": [0.052307692307692305, 1.520943116468003, 1.759302427904646, 2.14785373608903], "fiveday": [0.016923076923076923, 1.5590656904206712, 1.7511299277380075, 2.1484375]}