{"Name": "AERG", "oneday": [0.5238095238095238, 3.095801298271668, 3.8236543619280563], "twoday": [0.14285714285714285, 3.893138993920107, 8.87298804725285], "threeday": [0.23809523809523808, 5.4646393401592945, 10.563146116418254], "fourday": [0.047619047619047616, 9.81640699130908, 13.222488330966224], "fiveday": [0.047619047619047616, 10.034384473906377, 12.845371031155604]}