{"Name": "AES", "oneday": [0.5920471281296024, 1.5125312933550155, 2.632215201268778, 1.9800995024875623], "twoday": [0.21796759941089838, 1.829198879291428, 2.593033516826384, 1.9872727272727273], "threeday": [0.09867452135493372, 2.08279704030233, 2.577107035152887, 1.980551053484603], "fiveday": [0.023564064801178203, 6.690185266702416, 2.1826221878017042, 1.5]}