{"Name": "AFL", "oneday": [0.5552282768777614, 1.0519425931637998, 1.8578089748798765, 1.9920424403183024], "twoday": [0.2695139911634757, 1.405326453029661, 2.023107980575513, 2.0589285714285714], "threeday": [0.09278350515463918, 1.6997190236384765, 2.044983737279682, 2.0609951845906904], "fourday": [0.044182621502209134, 1.80556017802758, 2.0746784957349322, 2.0597243491577335], "fiveday": [0.025036818851251842, 1.9475704332644186, 2.1186550739340526, 2.056716417910448]}