{"Name": "AG", "oneday": [0.5127840909090909, 2.853249556876921, 6.049536417969, 1.8337950138504155], "threeday": [0.13636363636363635, 9.044906183813191, 5.442791429349961, 1.7604166666666667], "fourday": [0.045454545454545456, 10.085700795798848, 5.250801404339703, 1.7265625], "fiveday": [0.026988636363636364, 10.83810498373997, 5.395653021407458, 1.7210884353741496]}