{"Name": "AGEN", "oneday": [0.5505124450951684, 2.9005775235452234, 5.661033763566343, 1.7393617021276595], "twoday": [0.232796486090776, 3.704228368698125, 5.743907055094115, 1.7514018691588784], "threeday": [0.09370424597364568, 4.25845854683517, 5.573294379770262, 1.7362270450751252], "fourday": [0.05856515373352855, 4.749706403040394, 5.57559506613512, 1.7402190923317684], "fiveday": [0.03074670571010249, 5.190687268630364, 5.545165981726758, 1.7303030303030302]}