{"Name": "AGIO", "oneday": [0.5329341317365269, 3.1607228289566716, 5.536453446616284, 1.9737827715355805], "twoday": [0.2634730538922156, 4.163840216420113, 6.052433072135254, 2.0025062656641603], "threeday": [0.0998003992015968, 4.826290135132496, 6.217449609274103, 2.0400890868596884], "fourday": [0.05389221556886228, 5.372436930527119, 6.157546675605666, 2.033613445378151], "fiveday": [0.027944111776447105, 5.6079303082037795, 6.1813860555555715, 2.0408163265306123]}