{"Name": "AGNC", "oneday": [0.5599393019726859, 0.8726137713022872, 1.563630934657497, 1.981029810298103], "twoday": [0.251896813353566, 1.1915249396884384, 1.653024919560625, 2.0429906542056075], "threeday": [0.09711684370257967, 1.3848016902081166, 1.6763666853867492, 2.05008347245409], "fourday": [0.042488619119878605, 1.5644495899984807, 1.696437574765121, 2.05103668261563], "fiveday": [0.027314112291350532, 1.6733131961484975, 1.6976039246708166, 2.0449612403100774]}