{"Name": "AHC", "oneday": [0.5613275613275613, 2.1590437008317136, 2.9405560192132554, 1.6786632390745502], "twoday": [0.2597402597402597, 2.7823256647684964, 3.271097737443414, 1.7240773286467488], "threeday": [0.10101010101010101, 3.143464961639895, 3.3288369387800762, 1.7136150234741785], "fourday": [0.04040404040404041, 3.3694616573637113, 3.3008051330570747, 1.6986506746626686], "fiveday": [0.020202020202020204, 3.5724798435317133, 3.3065248056153833, 1.6916299559471366]}