{"Name": "AI", "oneday": [0.35714285714285715, 5.154446906152943, 5.987793801164299, 1.3], "threeday": [0.14285714285714285, 21.32680540150014, 24.286246862036545, 2.5], "fourday": [0.03571428571428571, 22.454204769126026, 20.439155970134163, 2.2], "fiveday": [0.03571428571428571, 22.17399602434053, 17.153403132173214, 2.0]}