{"Name": "AIC", "oneday": [0.645083932853717, 1.0464588107235138, 1.3094995590769074], "twoday": [0.2158273381294964, 1.2658078178483276, 1.417083004563185], "threeday": [0.09592326139088729, 1.9128964379141966, 1.7665311314415986], "fourday": [0.02877697841726619, 1.9273097241710935, 1.7518190741119135], "fiveday": [0.007194244604316547, 1.9293046614552811, 1.7444191942672114]}