{"Name": "AIF", "oneday": [0.5531914893617021, 0.6408974368392117, 0.9996929943224676], "twoday": [0.2437137330754352, 0.8117402231371326, 0.9752294593792635], "threeday": [0.11605415860735009, 0.9355690174137499, 0.9722524986392767], "fourday": [0.04642166344294004, 1.0214287180537023, 1.0161233968562198], "fiveday": [0.019342359767891684, 1.0523263988377285, 1.0342519139993716]}