{"Name": "AIG", "oneday": [0.5186915887850467, 1.4722350482628381, 2.8265719831411906, 2.171171171171171], "twoday": [0.24454828660436137, 1.912892216328217, 2.8139576606287515, 2.1], "threeday": [0.1292834890965732, 2.403472724690996, 2.8391457719172757, 2.1047120418848166], "fourday": [0.045171339563862926, 2.5386122147786634, 2.88638655712733, 2.129568106312292], "fiveday": [0.024922118380062305, 2.6147713138689324, 2.8386562649130243, 2.1116504854368934]}