{"Name": "AINV", "oneday": [0.5443425076452599, 1.1938828570169524, 2.44527631575529, 2.0280898876404496], "twoday": [0.24464831804281345, 1.6863993202833782, 2.2677282243876573, 1.926356589147287], "threeday": [0.12385321100917432, 2.04188911271162, 2.286576308054182, 1.9396984924623115], "fourday": [0.04434250764525994, 2.3664739791308125, 2.3326523436092104, 1.9361022364217253], "fiveday": [0.03211009174311927, 2.5133303834998784, 2.344328167643677, 1.9258114374034003]}