{"Name": "AIR.PA", "oneday": [0.49614791987673346, 1.3395288702955142, 3.0079365329324905], "twoday": [0.2526964560862866, 2.8379477749448405, 3.037788613310386], "threeday": [0.14175654853620956, 3.5498346497731883, 3.2999231280067263], "fourday": [0.04776579352850539, 3.8808614876225764, 3.3636872242005946], "fiveday": [0.03697996918335902, 4.169533216074869, 3.3179673924461928]}