{"Name": "AIR", "oneday": [0.5552193645990923, 1.744984259666724, 3.5245068431925572, 2.0326975476839237], "twoday": [0.21936459909228442, 2.179984638892532, 3.4579889897421103, 2.0], "threeday": [0.11649016641452345, 2.615613709858225, 3.5715273508130037, 2.0203735144312396], "fourday": [0.048411497730711045, 2.888032673571022, 3.572992373582735, 2.0193236714975846], "fiveday": [0.028744326777609682, 3.1349863938955207, 3.5689706528904805, 2.0125]}