{"Name": "AIRT", "oneday": [0.6014814814814815, 2.3887376951181434, 3.262533309889951], "twoday": [0.26666666666666666, 3.2185063111833285, 3.3089105789147655], "threeday": [0.07111111111111111, 3.4097712011599985, 3.291666484755666], "fourday": [0.04296296296296296, 3.771522423188486, 3.355708844051938], "fiveday": [0.014814814814814815, 3.8836272722717142, 3.798827432918697]}