{"Name": "AIV", "oneday": [0.5613496932515337, 1.1079380496226479, 2.3149266197833764, 2.2131147540983607], "twoday": [0.22699386503067484, 1.4676790378404625, 2.263464549512621, 2.149805447470817], "threeday": [0.11042944785276074, 1.7825048029519885, 2.301622322482817, 2.13481228668942], "fourday": [0.049079754601226995, 2.030003939998572, 2.3691463431020923, 2.1262135922330097], "fiveday": [0.027607361963190184, 2.186359266954026, 2.4082375567447687, 2.1226415094339623]}