{"Name": "AIZ", "oneday": [0.5560538116591929, 1.167596630126817, 2.2919556795118923, 2.120967741935484], "twoday": [0.242152466367713, 1.418607046435796, 2.2037632804634057, 2.044943820224719], "threeday": [0.12705530642750373, 1.7726083627803977, 2.2218132118861527, 2.0597738287560583], "fourday": [0.03288490284005979, 1.8717899603111403, 2.272314534614591, 2.093603744149766], "fiveday": [0.02391629297458894, 1.944353474332475, 2.2569096828633466, 2.0943683409436833]}