{"Name": "AJX", "oneday": [0.4876237623762376, 1.134948160242475, 2.313083955699444], "twoday": [0.3069306930693069, 1.6679908191694086, 2.540201526374499], "threeday": [0.11633663366336634, 1.8509455661391727, 2.4081953988790037], "fourday": [0.05198019801980198, 1.9648146428723299, 2.355857161940693], "fiveday": [0.022277227722772276, 2.0581916816327834, 2.3379174552340714]}