{"Name": "AKAM", "twoday": [0.27617602427921095, 3.0491102704855524, 2.721627521978266, 2.0384615384615383], "threeday": [0.11532625189681335, 3.5100709839183253, 2.878693668590822, 2.0387596899224807], "fourday": [0.05614567526555387, 3.9353510242798873, 3.0959806515675306, 2.0677966101694913], "fiveday": [0.021244309559939303, 4.072382007661785, 3.1093683679398727, 2.058252427184466]}