{"Name": "AKO-A", "oneday": [0.612759643916914, 1.819352503301618, 2.2092335930867666], "twoday": [0.22403560830860533, 2.256482307641614, 2.3379383845741963], "threeday": [0.10237388724035608, 2.5411805218215617, 2.3332166788519957], "fourday": [0.03857566765578635, 2.65237264131286, 2.329656820537466], "fiveday": [0.01483679525222552, 2.7519797108360353, 2.322510112780306]}