{"Name": "AKZOY", "oneday": [0.5321375186846039, 1.2725549230835511, 2.3350232580113146], "twoday": [0.2436472346786248, 1.7643149522685917, 2.3783876017755485], "threeday": [0.11958146487294469, 1.9731550146584076, 2.4330121153525934], "fourday": [0.061285500747384154, 2.2331960084777625, 2.5077166934572226], "fiveday": [0.026905829596412557, 2.3607088461686603, 2.5115215417108527]}