{"Name": "AL", "oneday": [0.51875, 1.411077168258513, 3.352468113809162, 2.105421686746988], "twoday": [0.2515625, 1.9787418290776237, 3.209512519973171, 2.050709939148073], "threeday": [0.125, 2.732594293123862, 3.370970108191521, 2.020942408376963], "fourday": [0.059375, 2.963580225421775, 3.2906277133546453, 2.009819967266776], "fiveday": [0.0234375, 3.0611088497932224, 3.267932953968496, 2.012779552715655]}