{"Name": "ALA.TO", "oneday": [0.48177496038034867, 1.1552601035144274, 2.2991585265131897], "twoday": [0.2694136291600634, 1.4411452563180345, 2.2038976690868393], "threeday": [0.12519809825673534, 1.7080811478820492, 2.1949825001664816], "fourday": [0.06339144215530904, 1.895754227045967, 2.236069156806946], "fiveday": [0.028526148969889066, 1.987915958260832, 2.2383170461967414]}