{"Name": "ALAN", "oneday": [0.8351351351351352, 18.724635885223183, 6.387455760235094], "twoday": [0.12162162162162163, 18.600519341645963, 7.060031281904568], "threeday": [0.024324324324324326, 18.459458770162165, 6.965811554618787], "fourday": [0.016216216216216217, 18.473807992221296, 7.064734800358597]}