{"Name": "ALB", "oneday": [0.5285935085007728, 1.6569050540050547, 3.395692787039894, 2.087719298245614], "twoday": [0.2550231839258114, 2.086635812938493, 3.139402478083413, 2.0729783037475347], "threeday": [0.12364760432766615, 2.654593979220743, 3.240674916935239, 2.0954003407155026], "fourday": [0.05100463678516229, 2.847771213592045, 3.264240936258306, 2.1145161290322583], "fiveday": [0.021638330757341576, 2.994063136423676, 3.3143932553801396, 2.1514195583596214]}