{"Name": "ALG", "oneday": [0.5363636363636364, 1.574609910747308, 3.0890706689781884, 2.121468926553672], "twoday": [0.23939393939393938, 1.862580981593804, 3.0135711209757874, 2.087890625], "threeday": [0.13484848484848486, 2.3133799599803866, 3.0473541282826844, 2.064891846921797], "fourday": [0.045454545454545456, 2.520417269250311, 3.0773073538172087, 2.071315372424723], "fiveday": [0.031818181818181815, 2.7160063217485213, 3.080710070467735, 2.062883435582822]}