{"Name": "ALK", "oneday": [0.5417910447761194, 1.5814443840460988, 3.179060842737623, 2.0110192837465566], "twoday": [0.23582089552238805, 2.1899000577189494, 3.3245227488222233, 2.019193857965451], "threeday": [0.12686567164179105, 2.6895380011435184, 3.4187222825860353, 2.0297029702970297], "fourday": [0.050746268656716415, 2.8228640184272473, 3.3911587856924177, 2.015625], "fiveday": [0.023880597014925373, 2.9306228966449064, 3.3867510550479785, 2.019817073170732]}