{"Name": "ALKS", "twoday": [0.24629080118694363, 4.118798284698919, 3.3850105141283207, 1.8493975903614457], "threeday": [0.12759643916913946, 4.683556263080256, 3.802224960752695, 1.9246031746031746], "fourday": [0.05192878338278932, 5.1466930221490195, 3.8729114981902137, 1.9337979094076656], "fiveday": [0.028189910979228485, 5.3843994006786104, 3.949419750946897, 1.957516339869281]}