{"Name": "ALL", "oneday": [0.5868613138686132, 0.9013743755861152, 1.8070431688526192, 2.0920398009950247], "twoday": [0.23795620437956205, 1.196054273473848, 1.770503583213993, 2.017699115044248], "threeday": [0.08905109489051095, 1.4007437450860691, 1.8323212430751818, 2.0575079872204474], "fourday": [0.052554744525547446, 1.5240929355110844, 1.8694531787642432, 2.054380664652568], "fiveday": [0.016058394160583942, 1.6042780937856438, 1.8778570090340836, 2.0430906389301633]}