{"Name": "ALLM", "oneday": [0.6139240506329114, 10.701879471153717, 13.101072331876995], "twoday": [0.26582278481012656, 13.080242830800604, 13.337757445178756], "threeday": [0.056962025316455694, 50.70983054758131, 20.193806527908187], "fourday": [0.0379746835443038, 42.97903313070505, 17.378922217769546], "fiveday": [0.012658227848101266, 43.8060900039548, 17.572788706060457]}