{"Name": "ALNY", "twoday": [0.22136222910216719, 5.555500294410797, 5.435189991002209, 2.1188811188811187], "threeday": [0.1238390092879257, 6.099756960963183, 5.230316787929818, 2.1434977578475336], "fourday": [0.06656346749226007, 6.7927223125675145, 5.702080803070483, 2.1390977443609023], "fiveday": [0.02786377708978328, 7.421176795576491, 5.72670720543146, 2.112676056338028]}