{"Name": "ALO.PA", "oneday": [0.515358361774744, 1.0692718715154177, 2.260578011945273], "twoday": [0.25426621160409557, 1.5387746069484642, 2.3221919015010766], "threeday": [0.12286689419795221, 1.9449703061976678, 2.3840221714901486], "fourday": [0.06143344709897611, 2.1053432031401216, 2.412301156780297], "fiveday": [0.02218430034129693, 6.291163841226886, 1.8074122148956258]}