{"Name": "ALSK", "oneday": [0.5886736214605067, 2.0406219691662106, 2.951608863527293, 1.6455696202531647], "twoday": [0.21013412816691504, 2.6566042041504154, 2.992701572829958, 1.6548507462686568], "threeday": [0.10879284649776454, 3.1203890103651424, 3.0689168631109727, 1.6715927750410509], "fourday": [0.046199701937406856, 3.3851535561258537, 3.2119918758143577, 1.6828125], "fiveday": [0.022354694485842028, 3.5570879524074996, 3.2548975541510456, 1.6809160305343511]}