{"Name": "ALTR", "oneday": [0.6092436974789915, 2.1759746526912447, 4.084131216607768, 2.0068965517241377], "twoday": [0.21008403361344538, 2.673658851959134, 4.245183379701917, 2.0615384615384613], "threeday": [0.10504201680672269, 3.033671059744449, 4.14123117016746, 2.0136363636363637], "fourday": [0.037815126050420166, 3.365245468604518, 4.190048882826827, 2.017467248908297], "fiveday": [0.029411764705882353, 3.5518608397032403, 4.163378814982092, 1.9957627118644068]}