{"Name": "ALTX", "oneday": [0.9367816091954023, 15.193579581135676, 4.299063763130307], "twoday": [0.06321839080459771, 15.763904787405282, 4.870828231618505]}