{"Name": "ALXN", "oneday": [0.5059171597633136, 1.587274065028453, 3.4087017796354866, 1.9181286549707601], "twoday": [0.26627218934911245, 2.2628432107456122, 3.3050637490070502, 1.9233716475095786], "threeday": [0.12130177514792899, 2.5993714948546094, 3.3893131979399223, 1.9337748344370862], "fourday": [0.0650887573964497, 2.936956185774316, 3.4442002343212854, 1.9490740740740742], "fiveday": [0.026627218934911243, 3.0900547639589493, 3.4460931652567024, 1.951951951951952]}