{"Name": "ALYI", "oneday": [0.60882800608828, 13.919569196840007, 20.600253886704945], "twoday": [0.2526636225266362, 22.189003287936185, 21.03918232143092], "threeday": [0.0852359208523592, 25.214017456911634, 22.754481599653268], "fourday": [0.0350076103500761, 26.31215954828157, 23.71087746719441], "fiveday": [0.0091324200913242, 26.769011840028618, 23.734807689464834]}