{"Name": "AMAT", "oneday": [0.5489614243323442, 1.5903701199058906, 3.186974673940297, 1.9945945945945946], "twoday": [0.24629080118694363, 2.0785335592718575, 3.2689683796605076, 2.014925373134328], "threeday": [0.11275964391691394, 2.379799914686771, 3.2183265044486005, 1.9967320261437909], "fourday": [0.050445103857566766, 2.6252988811725353, 3.2205014806009165, 1.9907120743034055], "fiveday": [0.02373887240356083, 2.763350596032463, 3.228811493846129, 2.003021148036254]}