{"Name": "AMBA", "oneday": [0.5539823008849557, 2.510579066800521, 5.534637152563834, 2.0543130990415337], "twoday": [0.23893805309734514, 3.257861064922406, 5.2349037844299575, 2.033482142857143], "threeday": [0.1079646017699115, 3.863907554258078, 5.13979937283959, 1.9803536345776032], "fourday": [0.06725663716814159, 4.246002458154915, 5.109064419540861, 1.9853747714808043], "fiveday": [0.017699115044247787, 4.444613398159121, 5.108648116640777, 1.9838420107719927]}