{"Name": "AMC", "oneday": [0.4801762114537445, 3.081209851141652, 7.54677756490058, 1.908256880733945], "twoday": [0.2555066079295154, 4.115836506390915, 7.074688976896525, 1.9191616766467066], "threeday": [0.13656387665198239, 4.810113549833125, 6.983492753208951, 1.9621212121212122], "fourday": [0.07048458149779736, 5.554402522365638, 6.812540894541021, 1.9322429906542056], "fiveday": [0.024229074889867842, 5.74628527397252, 6.723949703906098, 1.9453302961275627]}