{"Name": "AMD", "oneday": [0.5582089552238806, 2.6738531565070423, 5.214734242260004, 1.9251336898395721], "threeday": [0.11044776119402985, 7.503283655366677, 3.9926106394135044, 1.7567567567567568], "fourday": [0.07611940298507462, 9.639267293098154, 4.420910870447135, 1.752], "fiveday": [0.023880597014925373, 10.219113868930947, 4.392580310987233, 1.7588652482269505]}