{"Name": "AMGN", "oneday": [0.515015015015015, 1.1609389298806108, 2.241550072639039, 1.9883381924198251], "twoday": [0.2927927927927928, 1.5911953485386383, 2.2711324367289314, 1.9907063197026023], "threeday": [0.0990990990990991, 1.7016526752072592, 2.282798574571978, 2.0082781456953644], "fourday": [0.03753753753753754, 1.8297244772160353, 2.2921304555427584, 2.012718600953895], "fiveday": [0.02702702702702703, 1.9315622221453324, 2.3048160349398232, 2.027820710973725]}