{"Name": "AMKR", "oneday": [0.5289634146341463, 2.173568340280119, 4.416581416968843, 2.0461095100864553], "twoday": [0.2576219512195122, 2.8948366563890824, 4.497850928071868, 2.0368217054263567], "threeday": [0.12042682926829268, 3.4544668265687237, 4.357386734345648, 2.0134453781512605], "fourday": [0.04725609756097561, 3.7165581555377, 4.331343346545898, 2.0], "fiveday": [0.024390243902439025, 3.95864248749725, 4.304842209702386, 2.0031152647975077]}