{"Name": "AMLH", "oneday": [0.7326388888888888, 230.25850485068895, 25.84445027495634], "twoday": [0.13194444444444445, 33.713599878537366, 18.87511365635619], "threeday": [0.0763888888888889, 365.2611411730419, 430.8648744355554], "fourday": [0.03819444444444445, 316.35052465488985, 369.31209184663754], "fiveday": [0.013888888888888888, 305.71877784963146, 351.16478338103747]}