{"Name": "AMP", "oneday": [0.5790229885057471, 1.405732058559276, 2.678618381536407, 1.9950372208436724], "twoday": [0.23563218390804597, 1.8703000851154608, 2.727998801526671, 1.9700176366843034], "threeday": [0.08620689655172414, 2.148108678230917, 2.717123300960984, 1.9712918660287082], "fourday": [0.05890804597701149, 2.3145981837241028, 2.7770710495131565, 1.965568862275449], "fiveday": [0.02586206896551724, 2.4198260193444514, 2.774842180275319, 1.9606413994169096]}