{"Name": "AMPE", "oneday": [0.5261584454409567, 4.019933798875689, 8.304846730622737, 1.8125], "twoday": [0.26606875934230195, 6.296828026217991, 7.994955527158357, 1.8113207547169812], "threeday": [0.12257100149476831, 8.24962718024822, 7.990896972626404, 1.8088235294117647], "fourday": [0.05680119581464873, 8.874180377709727, 7.900719105567468, 1.8015384615384615], "fiveday": [0.014947683109118086, 9.010665884618213, 7.942837201134802, 1.8045454545454545]}