{"Name": "AMRN", "oneday": [0.5249621785173979, 3.666261206179508, 5.699669759291185, 1.8501440922190202], "threeday": [0.1437216338880484, 8.484454156226377, 4.619705676256447, 1.736842105263158], "fourday": [0.057488653555219364, 10.416908090453646, 5.1703799531167025, 1.6466165413533835], "fiveday": [0.037821482602118005, 11.134011819820369, 8.242911788868518, 1.7278481012658229]}