{"Name": "AMT", "oneday": [0.5465465465465466, 1.020571935431713, 2.13452873648481, 2.10989010989011], "twoday": [0.24174174174174173, 1.3303414686492705, 2.0948573280801313, 2.0628571428571427], "threeday": [0.10960960960960961, 1.5813195908722006, 2.1168138368390466, 2.0752508361204014], "fourday": [0.06906906906906907, 1.7656862995972549, 2.13342650301896, 2.063664596273292], "fiveday": [0.015015015015015015, 1.8254224963307093, 2.130116314281412, 2.0611620795107033]}