{"Name": "AMX", "oneday": [0.4936708860759494, 1.2935713082929965, 2.665140485127075, 1.919871794871795], "twoday": [0.24525316455696203, 1.8046595536416368, 2.7599048711522727, 1.9700214132762313], "threeday": [0.10759493670886076, 2.18832620038287, 2.7838692957502884, 1.9775700934579439], "fourday": [0.08386075949367089, 2.5110261579759574, 2.772291637876602, 1.9642857142857142], "fiveday": [0.023734177215189875, 2.643760303476362, 2.8024960200023226, 1.976782752902156]}