{"Name": "AMZN", "oneday": [0.5192012288786483, 1.304021982200113, 2.8405554522330836, 2.2071005917159763], "twoday": [0.2565284178187404, 1.8158061445696645, 2.9507586255071536, 2.1762376237623764], "threeday": [0.12749615975422426, 2.207237359770886, 3.0101233208361284, 2.1479591836734695], "fourday": [0.05837173579109063, 2.392239469466687, 3.003405493590784, 2.143769968051118], "fiveday": [0.029185867895545316, 2.51505429173762, 3.01506687055294, 2.1364341085271317]}