{"Name": "AN", "oneday": [0.5015527950310559, 1.4230666259870492, 3.128978045156331, 2.021671826625387], "twoday": [0.24378881987577639, 1.9245673992069672, 3.086513812297878, 2.0104166666666665], "threeday": [0.12267080745341614, 2.271427537865386, 3.1094352468624806, 2.032200357781753], "fourday": [0.07919254658385093, 2.559628337488551, 3.0718224264471714, 2.018032786885246], "fiveday": [0.024844720496894408, 2.6728235632552138, 3.0723875454200584, 2.022364217252396]}