{"Name": "ANAC", "oneday": [0.6666666666666666, 0.7842462515533777, 0.45425409379266646, 1.0], "twoday": [0.16666666666666666, 1.1350111947818453, 0.6273609516473488, 1.2], "threeday": [0.16666666666666666, 1.1983424248743029, 0.7598400826584103, 1.1666666666666667], "fourday": [0.0, 1.1983424248743029, 0.7598400826584103, 1.1666666666666667], "fiveday": [0.0, 1.1983424248743029, 0.7598400826584103, 1.1666666666666667]}