{"Name": "ANDAU", "oneday": [0.8484848484848485, 2.082542054149611, 0.8499349267067363], "twoday": [0.13636363636363635, 3.397015850947242, 0.32815182729141806], "threeday": [0.015151515151515152, 3.493307103209729, 0.499418529978215]}