{"Name": "ANET", "oneday": [0.5704845814977973, 1.8346386375315322, 3.4868173457892833, 2.1196911196911197], "twoday": [0.2577092511013216, 2.648619476457346, 3.8012246549999875, 2.140957446808511], "threeday": [0.09251101321585903, 2.9941211560649985, 3.856647160333978, 2.117224880382775], "fourday": [0.046255506607929514, 3.287218021590832, 3.824315850905706, 2.1093394077448746], "fiveday": [0.019823788546255508, 3.378871804880912, 3.814432097489127, 2.107142857142857]}