{"Name": "ANF", "oneday": [0.5192012288786483, 2.1680360991786083, 4.513078202918331, 2.06508875739645], "twoday": [0.24731182795698925, 3.050871586996164, 4.577650861152572, 2.026052104208417], "threeday": [0.1152073732718894, 3.615954241517786, 4.655287394545652, 2.0505226480836236], "fourday": [0.06605222734254992, 4.1089875655578085, 4.64512232576873, 2.059967585089141], "fiveday": [0.026113671274961597, 4.46892448756175, 4.656186349352407, 2.0599369085173502]}