{"Name": "ANR", "oneday": [0.9375, 12.966101950755803, 3.923976909352037, 1.2], "twoday": [0.0625, 13.197386728098822, 3.6787283525175347, 1.1875], "threeday": [0.0, 13.197386728098822, 3.6787283525175347, 1.1875], "fourday": [0.0, 13.197386728098822, 3.6787283525175347, 1.1875], "fiveday": [0.0, 13.197386728098822, 3.6787283525175347, 1.1875]}