{"Name": "ANSU", "oneday": [0.9411764705882353, 82.12527815641194, 14.057909762653674], "twoday": [0.051470588235294115, 83.17935847107441, 13.809001878860355], "threeday": [0.007352941176470588, 82.95666145865722, 14.065996992220134]}