{"Name": "ANTH", "oneday": [0.5571428571428572, 9.034625586876073, 7.74317388564705, 1.5833333333333333], "twoday": [0.225, 9.003871245651018, 7.766220947122502, 1.5981735159817352], "threeday": [0.10178571428571428, 10.839344969907224, 7.503190949938707, 1.6], "fourday": [0.05892857142857143, 11.05056790252482, 7.477878518543723, 1.6079545454545454], "fiveday": [0.03571428571428571, 11.56050577680706, 7.482612186551308, 1.6113138686131387]}