{"Name": "ANTM.JK", "oneday": [0.5151515151515151, 2.0038795241403937, 3.646945040075089], "twoday": [0.28520499108734404, 2.719456646790915, 3.4390744941146303], "threeday": [0.10338680926916222, 3.1748941166356675, 3.424710684093699], "fourday": [0.06951871657754011, 3.5449930064473008, 3.4221888782615983], "fiveday": [0.0106951871657754, 3.6040304035328012, 3.418829067518246]}