{"Name": "ANTM", "oneday": [0.5485294117647059, 1.1835290899338535, 2.399811719885788, 1.9812332439678284], "twoday": [0.24411764705882352, 1.5675207078627065, 2.4482585399536583, 1.9758812615955472], "threeday": [0.12205882352941176, 1.855132905431838, 2.4545098392675517, 1.9871382636655948], "fourday": [0.04852941176470588, 2.068323405232281, 2.515176921699418, 1.9862595419847329], "fiveday": [0.022058823529411766, 2.1658805535342354, 2.5674214379284965, 2.002985074626866]}