{"Name": "ANZ.AX", "oneday": [0.5130293159609121, 1.119920449933293, 2.047584188587663], "twoday": [0.23127035830618892, 1.5104697787773214, 2.099184096216095], "threeday": [0.13355048859934854, 1.745229524228695, 2.1082676070075212], "fourday": [0.06026058631921824, 1.9231127266849575, 2.1458045503862064], "fiveday": [0.029315960912052116, 1.988615813808061, 2.146027202956844]}