{"Name": "AON", "oneday": [0.5526315789473685, 0.8935271888609309, 1.9061875435939806, 2.1624649859943976], "twoday": [0.24303405572755418, 1.1960094983925715, 1.9487435628866918, 2.1653696498054473], "threeday": [0.1130030959752322, 1.4022743216073157, 1.9454089450979208, 2.163543441226576], "fourday": [0.04953560371517028, 1.5317039636127374, 1.9514400463621735, 2.1631663974151856], "fiveday": [0.017027863777089782, 1.5775697075776987, 1.9499669712507999, 2.157142857142857]}