{"Name": "APA", "twoday": [0.23458646616541354, 3.998875961409661, 3.745517827499426, 1.8076923076923077], "threeday": [0.12330827067669173, 6.0916905273771365, 4.124816249472262, 1.8991596638655461], "fourday": [0.05413533834586466, 6.290310703930683, 4.261148965359893, 1.9598540145985401], "fiveday": [0.03007518796992481, 6.7747073304994965, 4.267686435028311, 1.9183673469387754]}