{"Name": "APD", "oneday": [0.5272727272727272, 1.0211726467254836, 2.231224493899134, 2.1120689655172415], "twoday": [0.2636363636363636, 1.442248349489729, 2.1267484178776352, 2.0881226053639845], "threeday": [0.11818181818181818, 1.631281166387953, 2.0795702940073526, 2.066666666666667], "fourday": [0.05, 1.7679074116919913, 2.1134940954004757, 2.080568720379147], "fiveday": [0.021212121212121213, 1.8364615694793016, 2.121893750883438, 2.091190108191654]}