{"Name": "APH", "oneday": [0.5540540540540541, 0.9442591778982463, 2.119977509348991, 2.065040650406504], "twoday": [0.24174174174174173, 1.3204973657440287, 2.181511148407816, 2.1056603773584905], "threeday": [0.1111111111111111, 1.6480095774821668, 2.1686356330681367, 2.0745033112582782], "fourday": [0.052552552552552555, 1.785312522265118, 2.177008826285951, 2.0735524256651017], "fiveday": [0.021021021021021023, 1.8489217655743322, 2.1698663701057495, 2.0704441041347628]}