{"Name": "APO", "oneday": [0.5331230283911672, 1.527159242571131, 2.81547032492167, 1.967455621301775], "twoday": [0.24921135646687698, 2.0349887369981072, 3.0606100865413324, 2.030241935483871], "threeday": [0.10094637223974763, 2.3834157960030526, 3.130456242137496, 2.067857142857143], "fourday": [0.07097791798107256, 2.796869645665643, 3.2771774499407567, 2.0611570247933884], "fiveday": [0.026813880126182965, 2.9739947017563777, 3.287293028040019, 2.0610932475884245]}