{"Name": "APTS", "oneday": [0.5414781297134238, 1.5322031029320489, 2.7217809358463545, 1.8635097493036212], "twoday": [0.25037707390648567, 1.8972830443873094, 2.5814845870990784, 1.8304761904761904], "threeday": [0.10558069381598793, 2.2890013985394706, 2.7423941607700866, 1.826890756302521], "fiveday": [0.02564102564102564, 7.543086345941494, 3.0727346731749843, 1.7647058823529411]}