{"Name": "AQA.TO", "oneday": [0.8115671641791045, 7.918887662862397, 6.224393679499323], "twoday": [0.15485074626865672, 8.500283895528836, 6.215917759753878], "threeday": [0.018656716417910446, 8.890769266342396, 6.316768072995698], "fourday": [0.005597014925373134, 8.903668260038827, 6.309194181429338], "fiveday": [0.005597014925373134, 9.052217545831825, 6.34417406600023]}