{"Name": "AR", "oneday": [0.516260162601626, 2.8201104786115745, 5.133490586721849, 1.7992125984251968], "threeday": [0.11585365853658537, 8.454241021875287, 4.635955566645567, 1.8596491228070176], "fourday": [0.06707317073170732, 9.202881203007886, 4.508776247158055, 1.9], "fiveday": [0.026422764227642278, 10.286877718637253, 6.017479635432897, 1.9611650485436893]}