{"Name": "ARCC", "oneday": [0.56797583081571, 0.7997458001890861, 1.3901767725607639, 1.9734042553191489], "twoday": [0.2537764350453172, 1.200186835102185, 1.5458193483687765, 1.9613970588235294], "threeday": [0.09667673716012085, 1.5071231272165302, 1.6699059218269166, 1.9736842105263157], "fourday": [0.04229607250755287, 1.5952008822511503, 1.675497759652614, 1.9779874213836477], "fiveday": [0.019637462235649546, 1.6794022883641557, 1.6836467298137396, 1.9768875192604005]}