{"Name": "ARCO", "oneday": [0.48848684210526316, 2.008281091958793, 4.101385246436577, 2.026936026936027], "twoday": [0.2730263157894737, 2.852505521926399, 3.893562604945723, 1.9244060475161988], "threeday": [0.11677631578947369, 3.4101504996741423, 3.8338679695389537, 1.9119850187265917], "fourday": [0.05756578947368421, 3.6971075378853078, 3.902935889607981, 1.92091388400703], "fiveday": [0.029605263157894735, 3.9602816864298935, 3.952226102305892, 1.9352640545144804]}