{"Name": "ARI", "oneday": [0.5461309523809523, 1.1748591075636443, 1.6895085299288524, 1.891008174386921], "twoday": [0.25, 1.5228003800110803, 1.846727121490539, 1.9158878504672898], "threeday": [0.1324404761904762, 1.9084877735233574, 2.0602208747551307, 1.953525641025641], "fourday": [0.052083333333333336, 2.055565132369964, 2.081057528282196, 1.9544764795144158], "fiveday": [0.010416666666666666, 2.082027802335295, 2.0777163184672043, 1.9489489489489489]}