{"Name": "ARLP", "oneday": [0.5308056872037915, 1.8291107013734331, 3.1649662424589375, 1.9017857142857142], "threeday": [0.12480252764612954, 6.2687168204673736, 4.47175268853749, 2.1772151898734178], "fourday": [0.05845181674565561, 6.764290883017222, 3.9121639411896525, 2.0775862068965516], "fiveday": [0.0315955766192733, 7.241722543153023, 3.931926321993821, 2.051470588235294]}