{"Name": "ARNA", "oneday": [0.49321266968325794, 2.664286149540192, 5.323978016475751, 1.9051987767584098], "twoday": [0.28054298642533937, 3.4952038251963233, 5.2701510515646675, 1.8908382066276803], "threeday": [0.11463046757164404, 4.278345951895378, 5.269146776929339, 1.901528013582343], "fiveday": [0.02262443438914027, 13.5930547298996, 4.71133371966416, 1.6666666666666667]}