{"Name": "ARR", "oneday": [0.5416666666666666, 0.9376179917740595, 1.9223622811550825, 2.0088757396449703], "twoday": [0.2419871794871795, 1.3959374760124195, 1.8964095069105287, 2.044989775051125], "threeday": [0.10737179487179487, 1.726967456543401, 1.9164524587721645, 2.0341726618705036], "fourday": [0.05448717948717949, 2.1038283153397908, 1.9773261476497062, 2.01864406779661], "fiveday": [0.027243589743589744, 2.2346548197483727, 2.0244734280946366, 2.0527182866556837]}