{"Name": "ARRY", "oneday": [0.43333333333333335, 9.190499653006173, 6.805540186741824, 2.0], "twoday": [0.2, 8.704113783350516, 7.582873274890394, 2.4210526315789473], "threeday": [0.13333333333333333, 9.1346104894036, 7.6469319910160545, 2.347826086956522], "fourday": [0.1, 10.184730526294974, 7.638238974228492, 2.423076923076923], "fiveday": [0.1, 10.798103062202385, 7.2485156607622745, 2.310344827586207]}