{"Name": "ARW", "oneday": [0.5503759398496241, 1.2654704381489852, 2.6945736557574196, 2.098360655737705], "twoday": [0.24661654135338346, 1.7185164938800586, 2.6730682792058027, 2.0660377358490565], "threeday": [0.11127819548872181, 2.1232378390241955, 2.715917746279144, 2.0711920529801326], "fourday": [0.045112781954887216, 2.325777426351548, 2.7674094153251567, 2.089905362776025], "fiveday": [0.02857142857142857, 2.4342916759595217, 2.759210071379996, 2.0857580398162328]}