{"Name": "ASG", "oneday": [0.5775577557755776, 1.0151008340166725, 1.8020062132025818], "twoday": [0.23432343234323433, 1.4254007381221947, 1.881566418487279], "threeday": [0.09900990099009901, 1.7193215189121462, 1.9449713018574855], "fourday": [0.052805280528052806, 1.9688077153701913, 2.003959573725474], "fiveday": [0.019801980198019802, 2.0576574746205236, 2.017173071894724]}