{"Name": "ASH", "oneday": [0.5398496240601504, 1.163251774757707, 2.2060428490536745, 1.9526462395543176], "twoday": [0.24962406015037594, 1.5411037584181937, 2.345086285769067, 2.032380952380952], "threeday": [0.11879699248120301, 1.8877074689743953, 2.4294612049748867, 2.0745033112582782], "fourday": [0.045112781954887216, 2.056092752281618, 2.459724814785075, 2.089905362776025], "fiveday": [0.03007518796992481, 2.18708329248955, 2.4696070003583332, 2.081039755351682]}