{"Name": "ASKH", "oneday": [0.6913946587537092, 22.432578504070428, 21.22596018563171], "twoday": [0.19584569732937684, 25.33794507845303, 22.19728012482884], "threeday": [0.06824925816023739, 26.26471115708929, 21.880770095006792], "fourday": [0.026706231454005934, 26.78786510231407, 21.83997820521751], "fiveday": [0.01483679525222552, 27.401616843656516, 21.64327101116188]}