{"Name": "ASML", "oneday": [0.556047197640118, 1.5145208261946437, 3.1950381338801352, 2.1352785145888595], "twoday": [0.24041297935103245, 1.9732568797784118, 3.1006481872027423, 2.051851851851852], "threeday": [0.1224188790560472, 2.2746095891760887, 3.066432812223765, 2.016051364365971], "fourday": [0.038348082595870206, 2.4330278105190644, 3.1070714889424393, 2.0446841294298923], "fiveday": [0.025073746312684365, 2.564491303077897, 3.0919193791218804, 2.042042042042042]}