{"Name": "ASPS", "oneday": [0.5285714285714286, 2.3147621223852077, 4.834975919202619, 2.156156156156156], "twoday": [0.23333333333333334, 3.0522307958892028, 4.9673110484975895, 2.189583333333333], "threeday": [0.10634920634920635, 3.9880813370890986, 5.093668590133826, 2.1919561243144425], "fourday": [0.06666666666666667, 4.798150251857031, 5.0741134014125695, 2.1561969439728355], "fiveday": [0.0380952380952381, 5.252031886657106, 5.169343235321031, 2.1500815660685153]}