{"Name": "ASX", "oneday": [0.5368731563421829, 1.707250313212883, 2.9264202442993374, 1.848901098901099], "twoday": [0.25663716814159293, 2.372251003845498, 2.9308333584083766, 1.8401486988847584], "threeday": [0.11651917404129794, 2.6892340042032585, 2.944142384388835, 1.8363047001620745], "fourday": [0.05752212389380531, 2.927382698569184, 2.9492038623676162, 1.8353658536585367], "fiveday": [0.022123893805309734, 3.0409771486869897, 2.970912942570758, 1.8390461997019374]}