{"Name": "AT", "oneday": [0.6003016591251885, 2.004641366935322, 2.869461435923043, 1.7085427135678393], "twoday": [0.22473604826546004, 2.4842762574831214, 2.873281365714341, 1.6782449725776964], "threeday": [0.0889894419306184, 2.773602128828682, 2.9060807268105266, 1.6996699669966997], "fourday": [0.05279034690799397, 3.1370180732181283, 2.939897367009168, 1.7129485179407176], "fiveday": [0.021116138763197588, 3.354129761978419, 2.948534136928711, 1.7083969465648854]}