{"Name": "ATH.TO", "oneday": [0.5222052067381318, 3.2811342740535165, 4.577965991831552], "twoday": [0.26033690658499237, 5.850706168225529, 4.8558325895486085], "threeday": [0.11944869831546708, 6.887544691679807, 4.632393094794199], "fourday": [0.0444104134762634, 7.446979170241785, 4.64566694508397], "fiveday": [0.02909647779479326, 7.921089375648816, 4.473280512462072]}