{"Name": "ATI", "oneday": [0.4854961832061069, 2.115012637566388, 4.085561033075411, 1.8333333333333333], "twoday": [0.24732824427480915, 3.0224115273393792, 4.647482953916262, 1.93125], "threeday": [0.1465648854961832, 3.9098668473547216, 4.847931814413151, 1.9670138888888888], "fourday": [0.05801526717557252, 4.255006166813052, 4.795210071547131, 1.9592833876221498], "fiveday": [0.03969465648854962, 4.585148464475408, 4.784729028407951, 1.946875]}