{"Name": "ATO", "oneday": [0.5565749235474006, 0.8572358321231394, 1.8337566617718208, 2.17032967032967], "twoday": [0.24311926605504589, 1.233566766073026, 1.8473412721315678, 2.1548757170172084], "threeday": [0.10550458715596331, 1.4087057874671973, 1.8681924224535496, 2.141891891891892], "fourday": [0.05045871559633028, 1.583423903379002, 1.9123878499804694, 2.1376], "fiveday": [0.02599388379204893, 1.6481864865996876, 1.913790928832524, 2.1401869158878504]}