{"Name": "ATP.TO", "oneday": [0.5657894736842105, 1.612157037853973, 2.853027887481727], "twoday": [0.25292397660818716, 2.149823586325168, 2.748224326701579], "threeday": [0.1067251461988304, 2.53110959155303, 2.791576951507753], "fourday": [0.039473684210526314, 2.7996488707848166, 2.823602542688319], "fiveday": [0.02046783625730994, 2.9910980704529937, 2.8339570326071826]}