{"Name": "ATRS", "oneday": [0.5153374233128835, 2.6180189731265067, 4.959906339886895, 1.8244047619047619], "twoday": [0.254601226993865, 3.4203657769942812, 4.7817499520590445, 1.840637450199203], "threeday": [0.13803680981595093, 4.106344315866981, 4.8392126405863864, 1.8699324324324325], "fourday": [0.05061349693251534, 4.503519931611695, 4.803961825641377, 1.8464], "fiveday": [0.015337423312883436, 4.724373334610265, 4.808900488704797, 1.8409448818897638]}