{"Name": "ATVI", "oneday": [0.5748502994011976, 1.4839537607443056, 2.809318633826295, 2.0364583333333335], "twoday": [0.22305389221556887, 1.8587566258096409, 2.891920916957537, 2.0581613508442778], "threeday": [0.11826347305389222, 2.224939807335758, 2.8774210795002375, 2.0408496732026142], "fourday": [0.040419161676646706, 2.3449286535547382, 2.8859209691130827, 2.035993740219092], "fiveday": [0.02245508982035928, 2.4827383198959634, 2.8886026652333587, 2.036697247706422]}