{"Name": "ATW", "oneday": [0.6711281070745698, 0.8883566491392973, 1.0032282051997476, 1.6353276353276354], "twoday": [0.18546845124282982, 1.0087749640782802, 1.026387293216272, 1.6227678571428572], "threeday": [0.0745697896749522, 1.1809154029647988, 1.097900997187275, 1.6570841889117043], "fourday": [0.03824091778202677, 1.2436756478644484, 1.108196991553287, 1.668639053254438], "fiveday": [0.015296367112810707, 1.3324349041415897, 1.1215807720576687, 1.662135922330097]}