{"Name": "AU", "twoday": [0.2518518518518518, 4.772252981880314, 4.67393911339063, 1.888235294117647], "threeday": [0.11407407407407408, 5.329977382124131, 4.352780651020846, 1.8137651821862348], "fourday": [0.06074074074074074, 6.06922743695097, 4.3967004387174295, 1.8576388888888888], "fiveday": [0.03259259259259259, 6.522047526860333, 4.3993810826347035, 1.8580645161290323]}