{"Name": "AUY", "oneday": [0.521044992743106, 2.4989564874694277, 4.661954335378253, 1.8579387186629526], "threeday": [0.11175616835994194, 9.130115909838752, 4.6245167492355, 1.7792207792207793], "fourday": [0.0420899854862119, 9.860141593794504, 4.819622992109668, 1.8584905660377358], "fiveday": [0.033381712626995644, 10.262329225491067, 4.642184587681047, 1.7906976744186047]}