{"Name": "AVA", "oneday": [0.5426008968609866, 0.8503637738903763, 1.7882728900153797, 1.9724517906336088], "twoday": [0.25411061285500747, 1.1351607429444144, 1.7475388424526408, 1.973733583489681], "threeday": [0.11061285500747384, 1.2930824749944283, 1.7451898257222873, 1.985172981878089], "fourday": [0.053811659192825115, 1.5367198140891147, 1.7866223904518852, 1.9813374805598756], "fiveday": [0.017937219730941704, 1.582471927786238, 1.7906656704384443, 1.9893129770992366]}