{"Name": "AVAV", "oneday": [0.5272727272727272, 1.7725042281294965, 3.7311387802848284, 2.0833333333333335], "twoday": [0.23484848484848486, 2.355603182728963, 3.676821972712905, 2.0536779324055665], "threeday": [0.11969696969696969, 2.8476388360540974, 3.6662046301554096, 2.0171821305841924], "fourday": [0.06515151515151515, 3.136044603177679, 3.6884487036541693, 2.0128], "fiveday": [0.03636363636363636, 3.370877742795447, 3.7081064417351577, 2.016949152542373]}