{"Name": "AVB", "oneday": [0.5568862275449101, 0.9871136313461106, 1.9200399002621775, 2.1693548387096775], "twoday": [0.2440119760479042, 1.3142627825403348, 1.9046144961425804, 2.119626168224299], "threeday": [0.1062874251497006, 1.5281139096892458, 1.9190843637709267, 2.094059405940594], "fourday": [0.04790419161676647, 1.7530213402378592, 1.9769919297199783, 2.086206896551724], "fiveday": [0.029940119760479042, 1.8612353693215005, 2.00785111009637, 2.080547112462006]}