{"Name": "AVGO", "oneday": [0.5634005763688761, 1.5171615688463622, 3.1374280296256343, 2.0076726342710995], "twoday": [0.2579250720461095, 2.1110135954328246, 3.1407886299888927, 1.987719298245614], "threeday": [0.10662824207492795, 2.488293973456742, 3.211075546236272, 2.0139751552795033], "fourday": [0.037463976945244955, 2.6116651948489196, 3.2249585436977632, 2.005970149253731], "fiveday": [0.020172910662824207, 2.73863379571905, 3.258146161989207, 2.004385964912281]}