{"Name": "AVL.TO", "oneday": [0.6895910780669146, 8.563675583198181, 6.751498309364568], "twoday": [0.17843866171003717, 9.601090732709244, 5.3302186806866825], "threeday": [0.07063197026022305, 10.544824146994657, 5.299371784891367], "fourday": [0.03717472118959108, 11.59760551761123, 5.723808214323545], "fiveday": [0.013011152416356878, 12.069643994161904, 5.77753016940524]}