{"Name": "AVT", "oneday": [0.541033434650456, 1.4112916077229543, 2.7033091627487504, 2.058988764044944], "twoday": [0.22948328267477203, 1.802100693966914, 2.621852530466114, 2.021696252465483], "threeday": [0.1276595744680851, 2.166669697678062, 2.6467645413497234, 2.0169204737732658], "fourday": [0.05623100303951368, 2.3295187038996383, 2.677855535507157, 2.03343949044586], "fiveday": [0.019756838905775075, 2.437087916297559, 2.6808725163350333, 2.0343213728549143]}