{"Name": "AVXL", "oneday": [0.5219364599092284, 4.847859882259968, 9.262154457279657, 1.846376811594203], "threeday": [0.13161875945537066, 14.217340946060954, 9.873792596137433, 1.8620689655172413], "fourday": [0.059001512859304085, 16.100374356816523, 11.496177363393281, 1.9603174603174602], "fiveday": [0.02118003025718608, 17.60186672826665, 10.776748302264721, 1.9]}