{"Name": "AVY", "oneday": [0.5379939209726444, 1.0781408753592039, 2.3737748704800143, 2.059322033898305], "twoday": [0.2553191489361702, 1.4804082377819336, 2.3679260113632905, 2.1149425287356323], "threeday": [0.11094224924012158, 1.7444239695028412, 2.354006618291668, 2.089075630252101], "fourday": [0.05319148936170213, 1.9824768379937359, 2.450017935689469, 2.1], "fiveday": [0.015197568389057751, 2.0330806841641627, 2.437447051318365, 2.0953125]}