{"Name": "AWH", "oneday": [0.5381294964028777, 3.863858005654784, 6.651747685391765, 1.6737967914438503], "twoday": [0.22877697841726619, 4.9065294618662625, 6.896427300846938, 1.6716697936210132], "threeday": [0.13381294964028778, 5.983939292168673, 6.863292806668455, 1.6661341853035143], "fourday": [0.060431654676258995, 6.768260426630209, 7.033171901000634, 1.6721556886227544], "fiveday": [0.025899280575539568, 7.028505917396054, 7.01238207019507, 1.6690962099125364]}