{"Name": "AWK", "oneday": [0.5419161676646707, 0.8671354011836009, 1.7459075758588076, 2.0331491712707184], "twoday": [0.2754491017964072, 1.2077239918886724, 1.7890686863890581, 2.06959706959707], "threeday": [0.10479041916167664, 1.3494707094240639, 1.8289336758403767, 2.090909090909091], "fourday": [0.04790419161676647, 1.5304733125699745, 1.8901035825584676, 2.117283950617284], "fiveday": [0.02245508982035928, 1.607368074590431, 1.8919693155006758, 2.1161387631975868]}