{"Name": "AXAS", "twoday": [0.2831858407079646, 7.689262505880023, 5.906341279643516, 1.703125], "threeday": [0.12684365781710916, 9.073966023764434, 5.810112517758617, 1.7122302158273381], "fourday": [0.05752212389380531, 9.822281789102238, 5.929516381094613, 1.7129337539432177], "fiveday": [0.028023598820058997, 10.587350108931673, 6.030228957827612, 1.693452380952381]}