{"Name": "AXDX", "oneday": [0.5368916797488226, 3.0430219406567534, 6.4317541499561575, 1.9473684210526316], "threeday": [0.10361067503924647, 10.675526854910386, 9.039870538184832, 1.9393939393939394], "fourday": [0.0565149136577708, 11.859882305090014, 8.627484681071314, 1.9901960784313726], "fiveday": [0.03453689167974882, 13.53247598702772, 8.128165109956377, 1.8790322580645162]}