{"Name": "AXP", "oneday": [0.5449101796407185, 1.028012207516758, 2.1314757630511365, 2.032967032967033], "twoday": [0.24251497005988024, 1.4584751296422513, 2.225029372867748, 2.0038022813688214], "threeday": [0.1092814371257485, 1.7195166193860307, 2.200440909271166, 1.979966611018364], "fourday": [0.04640718562874251, 1.8697307066052518, 2.2650225626023577, 2.003174603174603], "fiveday": [0.041916167664670656, 2.016349846992498, 2.320278150765504, 2.0379939209726445]}