{"Name": "AXSM", "oneday": [0.5380116959064327, 3.4271054198748456, 7.299170232577249], "twoday": [0.2309941520467836, 4.550837523882707, 7.273564397660277], "threeday": [0.13157894736842105, 5.2224454487097445, 7.647253836082566], "fourday": [0.043859649122807015, 5.964610276367665, 7.67487191307924], "fiveday": [0.02631578947368421, 6.2743891373288685, 7.591034038401965]}