{"Name": "AYA.TO", "oneday": [0.7077922077922078, 5.801690220164688, 5.900703940781863], "twoday": [0.18506493506493507, 6.641090795303966, 6.0130741234469625], "threeday": [0.06493506493506493, 12.552235830393538, 5.974604882270716], "fourday": [0.022727272727272728, 12.983832431305043, 6.623595365665909], "fiveday": [0.011363636363636364, 13.777523082195923, 6.991504735590652]}