{"Name": "AYI", "oneday": [0.5349544072948328, 1.6427201710801262, 3.0306851136859247, 1.9971590909090908], "twoday": [0.2507598784194529, 2.210105707073707, 3.2771415404170723, 2.0657640232108316], "threeday": [0.12158054711246201, 2.556651402986647, 3.2456714505099007, 2.0753768844221105], "fourday": [0.037993920972644375, 2.743752598851335, 3.279242389100826, 2.085209003215434], "fiveday": [0.028875379939209727, 2.8970729304769383, 3.26695250308811, 2.0889235569422775]}