{"Name": "AZN", "oneday": [0.5195783132530121, 1.1276401348247238, 2.2834550580206403, 2.084057971014493], "twoday": [0.27259036144578314, 1.4894718139894747, 2.1650667831011816, 2.041825095057034], "threeday": [0.09789156626506024, 1.6476223895185755, 2.115884318757022, 2.020304568527919], "fourday": [0.06325301204819277, 1.8248950589540698, 2.1083828489950434, 2.0110584518167456], "fiveday": [0.030120481927710843, 1.9248979220828069, 2.1042363485483713, 2.021439509954058]}