{"Name": "AZO", "oneday": [0.5419734904270986, 1.1133115139106653, 2.1232774727067367, 2.0652173913043477], "twoday": [0.25184094256259204, 1.3580780531317556, 2.108926848578657, 2.0], "threeday": [0.11487481590574374, 1.5543359413151734, 2.089522089627438, 1.9902755267423013], "fourday": [0.042709867452135494, 1.6547170334540588, 2.0754685091849536, 1.9953560371517027], "fiveday": [0.03240058910162003, 1.7294289510776815, 2.077791571080408, 2.0119760479041915]}