{"Name": "BABA", "oneday": [0.5060240963855421, 1.5985177138544997, 3.0951324051595503, 1.957142857142857], "threeday": [0.12530120481927712, 5.099567364897937, 3.0578459761458214, 1.9615384615384615], "fourday": [0.060240963855421686, 5.587216455346563, 3.3232646547882174, 2.0779220779220777], "fiveday": [0.01927710843373494, 5.850229521977727, 3.686132045980052, 2.211764705882353]}