{"Name": "BAC", "oneday": [0.5574963609898108, 1.3513635524468244, 2.73375349582008, 1.9138381201044385], "twoday": [0.23726346433770015, 1.90301936824783, 2.8877042871252057, 1.924908424908425], "threeday": [0.11208151382823872, 2.3363193532618634, 2.9131777752312136, 1.92776886035313], "fourday": [0.053857350800582245, 2.5331099767409233, 2.953884480703438, 1.9318181818181819], "fiveday": [0.021834061135371178, 2.663604794942734, 2.9669240923512428, 1.9288888888888889]}