{"Name": "BAH", "oneday": [0.5783308931185944, 1.142169339382314, 2.217876288352118, 1.9772151898734178], "twoday": [0.24890190336749635, 1.5396681475285194, 2.311043358237849, 1.9893805309734514], "threeday": [0.08784773060029283, 1.7865862682672105, 2.3600518084964706, 2.0352], "fourday": [0.03953147877013177, 1.9724746393630725, 2.3745363256127225, 2.042944785276074], "fiveday": [0.029282576866764276, 2.061861779635908, 2.3743617206252203, 2.0416666666666665]}