{"Name": "BAM-A.TO", "oneday": [0.5376344086021505, 0.978427993811338, 2.037822004615222], "twoday": [0.24423963133640553, 1.385755627318038, 2.0761172605572784], "threeday": [0.11674347158218126, 1.6333109390229126, 2.1276499788758505], "fourday": [0.047619047619047616, 1.7483483544356655, 2.1249554349329496], "fiveday": [0.03379416282642089, 1.8347409567533408, 2.1300768330971613]}