{"Name": "BAM", "oneday": [0.5351681957186545, 1.0525263984111215, 2.111107523437209, 2.0485714285714285], "twoday": [0.25076452599388377, 1.4625872305142715, 2.2468391580137745, 2.1070038910505837], "threeday": [0.1162079510703364, 1.7590365885118768, 2.248167336559805, 2.106779661016949], "fourday": [0.0581039755351682, 1.8646181170279144, 2.2297482001036437, 2.1082802547770703], "fiveday": [0.02599388379204893, 1.9724323751787225, 2.2530234953358383, 2.1193798449612404]}