{"Name": "BBD-A.TO", "oneday": [0.5284431137724551, 2.2453089761901492, 3.9933228447702014], "twoday": [0.24550898203592814, 3.0625739147510123, 3.903349264760022], "threeday": [0.13323353293413173, 3.559585760796764, 3.8119785872733014], "fourday": [0.04940119760479042, 3.822271907133353, 3.8497091085397304], "fiveday": [0.023952095808383235, 4.090157054655251, 3.907042019086273]}