{"Name": "BDX", "oneday": [0.5643712574850299, 0.908634765656782, 1.8016791617551338, 2.061007957559682], "twoday": [0.23203592814371257, 1.2408456035602229, 1.8661446787421543, 2.137218045112782], "threeday": [0.11676646706586827, 1.4195311141343356, 1.8369475060927851, 2.095081967213115], "fourday": [0.04491017964071856, 1.5465807688389437, 1.8448494584005986, 2.0984375], "fiveday": [0.02694610778443114, 1.6381387469635276, 1.8460211679272942, 2.092705167173252]}