{"Name": "BGY", "oneday": [0.5705521472392638, 0.7955946044506395, 1.350268839577773], "twoday": [0.24233128834355827, 1.0724219377401494, 1.3604039996473019], "threeday": [0.1058282208588957, 1.3328762725356234, 1.391731262796223], "fourday": [0.032208588957055216, 1.391158174117151, 1.4050506708933928], "fiveday": [0.02607361963190184, 1.4726390416357478, 1.4050944290791014]}