{"Name": "BMH.AX", "oneday": [0.9545454545454546, 3.820627636385276, 1.2567015534469959, 1.1428571428571428], "twoday": [0.045454545454545456, 3.8850581152324115, 1.1995787555630415, 1.1363636363636365], "threeday": [0.0, 3.8850581152324115, 1.1995787555630415, 1.1363636363636365], "fourday": [0.0, 3.8850581152324115, 1.1995787555630415, 1.1363636363636365], "fiveday": [0.0, 3.8850581152324115, 1.1995787555630415, 1.1363636363636365]}