{"Name": "BRK.AX", "oneday": [0.708171206225681, 9.646365009643658, 7.4621277201696365, 1.3543956043956045], "twoday": [0.1867704280155642, 12.733687610602031, 7.496359702778859, 1.3978260869565218], "threeday": [0.06031128404669261, 12.76758794571258, 7.326851741425537, 1.4052953156822812], "fourday": [0.023346303501945526, 12.923076811686801, 7.275468180163048, 1.4075546719681908], "fiveday": [0.017509727626459144, 13.109151335882316, 7.298009401219469, 1.41015625]}