{"Name": "BTA", "oneday": [0.5418060200668896, 0.49304882288946555, 0.9251624850929021], "twoday": [0.22073578595317725, 0.6347754864722925, 0.9761346542244869], "threeday": [0.11705685618729098, 0.8138327499500553, 1.0029562919569925], "fourday": [0.06020066889632107, 2.2962241440727063, 1.3616491668649624], "fiveday": [0.03177257525083612, 3.0736783226954216, 1.4822741833482773]}