{"Name": "BUD", "oneday": [0.5379008746355685, 1.1710573417335794, 2.3107913605930213, 1.934959349593496], "twoday": [0.2521865889212828, 1.478341920120805, 2.249234934248123, 1.9206642066420665], "threeday": [0.10932944606413994, 1.7932958827116516, 2.250608159745383, 1.9157212317666126], "fourday": [0.04518950437317784, 1.9543229032697278, 2.2472097015463195, 1.9104938271604939], "fiveday": [0.030612244897959183, 2.055704929297158, 2.234942581764172, 1.9028400597907325]}