{"Name": "BUI", "oneday": [0.5440140845070423, 0.7790978913004446, 1.4176430577591437], "twoday": [0.2623239436619718, 0.9983683631856841, 1.3789139708921612], "threeday": [0.09330985915492958, 1.1706321158859008, 1.4370603187300472], "fourday": [0.056338028169014086, 1.3162270437700685, 1.4670856188710135], "fiveday": [0.02112676056338028, 1.3927927720570106, 1.4936919960781931]}