{"Name": "CACG", "oneday": [0.58, 0.8959476593319848, 1.9139907064090953], "twoday": [0.232, 1.257125659722253, 1.8705231533042648], "threeday": [0.112, 1.4505142479739492, 1.8504693692236123], "fourday": [0.032, 1.4896279776903352, 1.8429578143498013], "fiveday": [0.02, 1.5165959865399652, 1.8520935247673425]}