{"Name": "CAR", "oneday": [0.49921259842519683, 2.4597797951610567, 5.6843006403481695, 2.220820189274448], "twoday": [0.27244094488188975, 3.311175791933939, 5.161797011091626, 2.122448979591837], "threeday": [0.12755905511811025, 4.2213843014113195, 5.441485309928875, 2.1120840630472855], "fourday": [0.048818897637795275, 4.5182514426252744, 5.464472087516399, 2.12624584717608], "fiveday": [0.01732283464566929, 4.7322271658800314, 5.432661824929997, 2.1207177814029365]}