{"Name": "CEE", "oneday": [0.5632530120481928, 1.1763392303602787, 2.0107298087683305], "twoday": [0.22590361445783133, 1.5745872343102512, 1.9690040120011327], "threeday": [0.10542168674698796, 1.746670403698155, 1.9696615140473155], "fourday": [0.05271084337349398, 1.8742840674738483, 1.9793877829338087], "fiveday": [0.03313253012048193, 2.000759368053523, 1.9795346902117907]}