{"Name": "CENX", "oneday": [0.5069551777434312, 3.208815003547307, 6.752059007673171, 2.082317073170732], "threeday": [0.1205564142194745, 9.637157172495627, 7.282021574346577, 2.08974358974359], "fourday": [0.0571870170015456, 10.87051958853559, 6.801261565285245, 2.0869565217391304], "fiveday": [0.02472952086553323, 11.44678199153641, 6.8950622080491115, 2.1068702290076335]}