{"Name": "CHI", "oneday": [0.5335515548281505, 0.9002669973390296, 1.687466797238412], "twoday": [0.2520458265139116, 1.164326157325393, 1.5958948220834046], "threeday": [0.12111292962356793, 1.3708579875980629, 1.6311724141082118], "fourday": [0.05237315875613748, 1.4949012521229061, 1.6190357384941176], "fiveday": [0.022913256955810146, 5.792470119743522, 2.2144915153921807]}