{"Name": "CLA.AX", "oneday": [0.7517401392111369, 38.63179234952436, 6.688067323068309], "twoday": [0.16009280742459397, 13.994436704127933, 5.70337112742052], "threeday": [0.058004640371229696, 16.199687371270983, 6.387502725874396], "fourday": [0.025522041763341066, 16.848733455390683, 7.074496153492824]}