{"Name": "CLAD", "oneday": [0.7222222222222222, 3333.138381059402, 13.741148609525712], "twoday": [0.2361111111111111, 2532.1618190748973, 20.299498991618247], "threeday": [0.027777777777777776, 2463.657659123098, 19.985336274946437], "fourday": [0.013888888888888888, 2430.2179746582988, 19.707762160016628]}