{"Name": "CS", "oneday": [0.5190258751902588, 1.6082346929579983, 3.1759890869104277, 2.029325513196481], "twoday": [0.2267884322678843, 2.192918854941944, 3.078115349771234, 1.973469387755102], "threeday": [0.1354642313546423, 2.5724711055250378, 2.937287168690706, 1.9067357512953367], "fourday": [0.0624048706240487, 2.874544649076467, 2.9429972661801926, 1.9064516129032258], "fiveday": [0.0228310502283105, 3.0358845134204664, 2.9689946350024434, 1.910236220472441]}