{"Name": "CS.PA", "oneday": [0.5078125, 1.3586157696950873, 2.628922767240164], "twoday": [0.2359375, 2.6455609282361823, 2.6521674317670003], "threeday": [0.1453125, 3.4795167518704235, 2.95965074047476], "fourday": [0.0625, 3.822562126395219, 3.076031733886952], "fiveday": [0.01875, 3.9264876383852267, 3.1052845860483647]}