{"Name": "DAL", "oneday": [0.5322338830584707, 1.6218577252855488, 3.2323328585268127, 2.011267605633803], "twoday": [0.27886056971514245, 2.31629803369656, 3.4381175685949485, 2.009242144177449], "threeday": [0.09745127436281859, 2.6702358046847308, 3.43879272780663, 2.0214521452145213], "fourday": [0.038980509745127435, 2.873537534799439, 3.4756152261656252, 2.0221518987341773], "fiveday": [0.026986506746626688, 3.1883512795052424, 3.6067769476489304, 2.0307692307692307]}