{"Name": "DB", "oneday": [0.4807987711213518, 2.0238913482391756, 3.946833007540982, 1.9456869009584665], "twoday": [0.25960061443932414, 2.715906132357248, 3.7842263701239247, 1.9564315352697095], "threeday": [0.1490015360983103, 3.2972701013229813, 3.726209230134618, 1.9602763385146804], "fourday": [0.039938556067588324, 3.5197557798200823, 3.715868543432483, 1.943801652892562], "fiveday": [0.0445468509984639, 3.8125601246019376, 3.7680851621852316, 1.9542586750788644]}