{"Name": "DD", "oneday": [0.5205479452054794, 1.2063051942001837, 2.729865078094385, 2.090643274853801], "twoday": [0.243531202435312, 1.6228185492055989, 2.5749007740235674, 1.9920318725099602], "threeday": [0.121765601217656, 2.0616968722033997, 2.704517209500125, 2.0103092783505154], "fourday": [0.0624048706240487, 2.399523419311577, 2.7829100313011255, 2.014446227929374], "fiveday": [0.0228310502283105, 2.531446507739785, 2.8196106744768805, 2.018808777429467]}