{"Name": "DDAIF", "oneday": [0.5085803432137286, 1.472174124642182, 3.028772342394294], "twoday": [0.2542901716068643, 2.047158977814005, 2.985421996435269], "threeday": [0.12480499219968799, 2.53884272823896, 3.0536357566410746], "fourday": [0.060842433697347896, 2.7165422416586718, 3.059886657492436], "fiveday": [0.0265210608424337, 2.844981359883911, 3.079664049465332]}