{"Name": "DDF", "oneday": [0.5843949044585988, 0.7474434794804156, 1.5957255081752035], "twoday": [0.21656050955414013, 1.0751578140821803, 1.5746523408454005], "threeday": [0.11624203821656051, 1.4437488885847756, 1.626813077259782], "fourday": [0.041401273885350316, 1.5222527024726504, 1.611013900888961], "fiveday": [0.022292993630573247, 1.700813560609901, 1.6988395577457158]}