{"Name": "DFP", "oneday": [0.5720164609053497, 0.5483577926685013, 1.2481518740660733], "twoday": [0.21810699588477367, 0.7379196729924343, 1.217042358336468], "threeday": [0.10699588477366255, 0.9768200480459974, 1.2366688475360905], "fourday": [0.04938271604938271, 1.0759053530115574, 1.2285876960198903], "fiveday": [0.03497942386831276, 1.1659050877400492, 1.2594870079890608]}