{"Name": "DYSL", "oneday": [0.6038863976083707, 4.135172359888961, 4.696211748976937], "twoday": [0.2526158445440957, 5.137784055007863, 5.00428592000259], "threeday": [0.08520179372197309, 5.581841779759819, 5.090584221182899], "fourday": [0.028400597907324365, 5.752818179872036, 5.169528143888899], "fiveday": [0.01943198804185351, 6.0239183202911395, 5.282633375644023]}