{"Name": "EA", "oneday": [0.5327380952380952, 1.3232042387484926, 2.903637126738854, 1.9916201117318435], "twoday": [0.24851190476190477, 1.954948952713297, 3.012995152373206, 1.9961904761904763], "threeday": [0.12053571428571429, 2.339053574897636, 3.0541693483427492, 2.0115511551155114], "fourday": [0.06547619047619048, 2.555412963552972, 3.088340293406069, 2.0046153846153847], "fiveday": [0.019345238095238096, 2.656819504301008, 3.0891861769368214, 2.0]}