{"Name": "EHI", "oneday": [0.5742574257425742, 0.6408291748198027, 1.0703459995825029], "twoday": [0.2508250825082508, 0.7778072704148642, 1.0425880255183906], "threeday": [0.06930693069306931, 0.9384325988501634, 1.0797711307625366], "fourday": [0.052805280528052806, 1.0643561377213826, 1.0854935206230365], "fiveday": [0.018151815181518153, 1.1249983484208999, 1.100658804235937]}