{"Name": "EMD", "oneday": [0.5278219395866455, 0.6157377801595024, 1.0892272592514873], "twoday": [0.22575516693163752, 0.8042297020402417, 1.1067952710534048], "threeday": [0.1383147853736089, 1.072757648311697, 1.1688113562094395], "fourday": [0.06041335453100159, 2.7046111912946347, 1.542353041949226], "fiveday": [0.022257551669316374, 3.0639611676064242, 1.5455919091572545]}