{"Name": "ERC", "oneday": [0.5808477237048666, 0.6013665658899103, 1.0078066818993319, 2.0081081081081082], "threeday": [0.08634222919937205, 1.7309250653674502, 0.9438959564746251, 2.109090909090909], "fourday": [0.04709576138147567, 2.1545916250438197, 1.1660699221939872, 2.070588235294118], "fiveday": [0.02040816326530612, 2.2454147488165246, 1.2371073188512374, 2.142857142857143]}