{"Name": "EXD", "oneday": [0.5621212121212121, 0.7383842905066683, 1.126179724353854], "twoday": [0.22272727272727272, 0.9342061509912908, 1.1396230066466284], "threeday": [0.11515151515151516, 1.0428840126921932, 1.1306359871552716], "fourday": [0.05454545454545454, 1.131527404069587, 1.1368061310325495], "fiveday": [0.024242424242424242, 3.0093329214531463, 1.3513877042603666]}