{"Name": "FBGX", "oneday": [0.5968819599109132, 1.5138440559601383, 3.0475240827164796], "twoday": [0.25389755011135856, 2.1464207444194066, 3.1587858097943458], "threeday": [0.0935412026726058, 2.530266305998065, 3.184998234964484], "fourday": [0.028953229398663696, 2.6888589649461756, 3.176875568987403], "fiveday": [0.011135857461024499, 2.717262102057207, 3.1751014444332366]}