{"Name": "FCO", "oneday": [0.5464743589743589, 0.7232127574132714, 1.3630057814911383], "twoday": [0.23397435897435898, 0.9355484264192733, 1.3596075171100974], "threeday": [0.09455128205128205, 1.1552256219492911, 1.3834322429001866], "fourday": [0.06891025641025642, 1.3097526177724146, 1.3680763430959013], "fiveday": [0.02403846153846154, 1.4037600062736326, 1.4190987960602799]}