{"Name": "FGB", "oneday": [0.5651515151515152, 1.205468028093284, 2.132355269502296], "twoday": [0.2515151515151515, 1.5663581898658747, 2.13764941392949], "threeday": [0.10151515151515152, 1.8888419971400188, 2.184637154144192], "fourday": [0.051515151515151514, 2.053412751890497, 2.13729113980597], "fiveday": [0.015151515151515152, 2.209922361888476, 2.2896116798904513]}