{"Name": "FNMA", "twoday": [0.24177631578947367, 7.927745159057662, 6.963800327342853, 1.7687074829931972], "threeday": [0.125, 8.43296810936024, 6.4695931039082595, 1.7757847533632287], "fourday": [0.0625, 9.169834436153161, 6.76704773366322, 1.7777777777777777], "fiveday": [0.03453947368421053, 9.469762393928047, 6.710580979362683, 1.8191489361702127]}