{"Name": "FOLD", "oneday": [0.5396113602391629, 3.0271034307125304, 6.235032009122803, 2.0249307479224377], "twoday": [0.273542600896861, 4.364309993692777, 6.231874388906548, 1.9871323529411764], "threeday": [0.09267563527653214, 4.980983309475388, 6.139209133274528, 1.9587458745874586], "fourday": [0.04185351270553064, 5.604375790433564, 6.079546666209896, 1.9479495268138802], "fiveday": [0.028400597907324365, 6.007365421850474, 6.099165594889704, 1.9571209800918836]}