{"Name": "FTAI", "oneday": [0.4946236559139785, 1.6452577954584706, 3.339999394699434], "twoday": [0.29301075268817206, 2.009641194743966, 3.2234873997992417], "threeday": [0.09946236559139784, 2.2938732195475673, 3.1395011387951537], "fourday": [0.04838709677419355, 8.390887083526044, 4.851237026457648], "fiveday": [0.02956989247311828, 8.469672301867048, 5.580544709586881]}