{"Name": "GAS", "oneday": [0.6092592592592593, 1.6433957086814819, 2.4534202035596318, 1.750759878419453], "twoday": [0.2222222222222222, 2.132316953517722, 2.5684508984234165, 1.7505567928730512], "threeday": [0.09814814814814815, 2.4528308756964656, 2.578098790172623, 1.749003984063745], "fourday": [0.037037037037037035, 2.672236068820832, 2.561059408078456, 1.735632183908046], "fiveday": [0.024074074074074074, 2.924595105689658, 2.658912598170755, 1.7383177570093458]}