{"Name": "GCP", "oneday": [0.5562130177514792, 1.7877264444672183, 3.3308026343924597], "twoday": [0.21005917159763313, 2.2001324957800312, 3.1877445349222775], "threeday": [0.12130177514792899, 2.5849931796571957, 3.175469250698208], "fourday": [0.05917159763313609, 2.8276082094835693, 3.247830511023907], "fiveday": [0.03254437869822485, 2.9910762229005066, 3.227534797909872]}