{"Name": "GER", "oneday": [0.45910290237467016, 1.694207229349403, 3.4708379581606392], "twoday": [0.23482849604221637, 2.3367759643891275, 3.464198513648893], "threeday": [0.1424802110817942, 3.2241157344951406, 3.5539920806000693], "fourday": [0.07387862796833773, 3.4280205904961125, 3.567694210278995], "fiveday": [0.0316622691292876, 3.560774181478324, 3.527320896335749]}