{"Name": "GGZ", "oneday": [0.5839243498817966, 0.7829422258993805, 1.525032356685303], "twoday": [0.2033096926713948, 0.979346021933961, 1.5008724705549936], "threeday": [0.10401891252955082, 1.2402904418675742, 1.4800439753086774], "fourday": [0.05673758865248227, 1.3637694250909997, 1.4958257911403228], "fiveday": [0.02364066193853428, 1.400494770120891, 1.496565221119125]}