{"Name": "GOOGL", "oneday": [0.5497702909647779, 1.0658811467797897, 2.23888780559486, 1.988857938718663], "twoday": [0.19754977029096477, 1.417224037441473, 2.311108833759367, 2.026639344262295], "threeday": [0.15007656967840735, 1.7588508237174332, 2.347160506287771, 2.0750853242320817], "fourday": [0.05819295558958652, 1.9159514273075189, 2.4012671328861925, 2.0993589743589745], "fiveday": [0.026033690658499236, 2.0099632777137484, 2.4091144578974317, 2.1185647425897036]}