{"Name": "GOOG", "oneday": [0.5451761102603369, 1.0390090676184165, 2.261354754412871, 2.019662921348315], "twoday": [0.20980091883614088, 1.4240042773140396, 2.3634352700734453, 2.0628803245436105], "threeday": [0.14088820826952528, 1.7240032316457818, 2.3490718606231087, 2.088888888888889], "fourday": [0.05359877488514548, 1.8795075000363461, 2.4059488766835497, 2.1048387096774195], "fiveday": [0.033690658499234305, 2.0094465679196603, 2.3986943309409967, 2.1121495327102804]}