{"Name": "GPACU", "oneday": [0.6666666666666666, 0.6924878879737835, 0.6958290681995187], "twoday": [0.25, 0.7306123415797808, 0.644677230881005], "threeday": [0.041666666666666664, 1.738242136355339, 1.9427458000542686]}