{"Name": "HOPS", "oneday": [0.7685393258426966, 100.35534668195072, 16.53371973070182], "twoday": [0.18876404494382024, 53476173.37205909, 15.646778546889307], "threeday": [0.033707865168539325, 37.38468027557085, 25.214006808218077], "fourday": [0.006741573033707865, 32.54678491936991, 21.11268234267176], "fiveday": [0.0022471910112359553, 393.9916909762452, 25.26464642989956]}