{"Name": "IAE", "oneday": [0.5225806451612903, 0.9817246483583674, 1.8468556152581788], "twoday": [0.22903225806451613, 1.348854332775584, 1.7719261126654868], "threeday": [0.12258064516129032, 1.6394537527482436, 1.8172994057004017], "fourday": [0.07580645161290323, 1.791054493296757, 1.824006999167], "fiveday": [0.017741935483870968, 1.8831542565324886, 1.8418655665489314]}