{"Name": "IAF", "oneday": [0.5282131661442007, 1.091507024866786, 1.6675291209844934], "twoday": [0.2601880877742947, 1.3969471777669118, 1.7609415172258596], "threeday": [0.10815047021943573, 1.730877513751654, 1.8218083809672683], "fourday": [0.06426332288401254, 1.9024533226887395, 1.8607711685480506], "fiveday": [0.0219435736677116, 1.999751188063374, 1.8606670715997489]}