{"Name": "IGI", "oneday": [0.5351270553064275, 0.7869923826310478, 1.2734924139202477], "twoday": [0.26606875934230195, 1.0401595464873463, 1.3288134543485555], "threeday": [0.11659192825112108, 1.2197130045145912, 1.343017195410742], "fourday": [0.04932735426008968, 1.307761626990341, 1.3455106729295712], "fiveday": [0.01195814648729447, 1.334434682916009, 1.3520138331460574]}