{"Name": "JBK", "oneday": [0.7359550561797753, 1.0804588736323824, 0.8049692121673558], "twoday": [0.19101123595505617, 1.2064970894106581, 0.8266098775541265], "threeday": [0.05056179775280899, 1.2588079288791365, 0.8486700278523317], "fourday": [0.0149812734082397, 1.2851206288064527, 0.8534498918059767], "fiveday": [0.0018726591760299626, 1.290111337380736, 0.8596894679551504]}