{"Name": "JBLU", "oneday": [0.5447870778267254, 1.6916653742766523, 3.4657872457889063, 1.9460916442048517], "twoday": [0.2525697503671072, 2.2502652642558685, 3.4673650477118545, 1.9318600368324126], "threeday": [0.09838472834067548, 2.821479159446744, 3.651770463346247, 1.9508196721311475], "fourday": [0.05286343612334802, 3.0497907364444736, 3.6066523447843024, 1.9226006191950464], "fiveday": [0.03671071953010279, 3.3003403681446826, 3.6117277446300426, 1.9165424739195231]}