{"Name": "JCE", "oneday": [0.5670926517571885, 0.8913260564081875, 1.5190323265684516], "twoday": [0.22843450479233227, 1.1927395951756874, 1.6047906077493066], "threeday": [0.11501597444089456, 1.4362895931340152, 1.622206206872239], "fourday": [0.038338658146964855, 1.5209524757066422, 1.6180793794059602], "fiveday": [0.03035143769968051, 1.6107738576655104, 1.6562692551535128]}