{"Name": "JKHY", "oneday": [0.5474777448071216, 0.9278560122025952, 1.8793924157535924, 2.024390243902439], "twoday": [0.2685459940652819, 1.2195417003567062, 1.8522787301987695, 2.0254545454545454], "threeday": [0.1172106824925816, 1.4754568973309625, 1.8855873953159212, 2.0635930047694755], "fourday": [0.03560830860534125, 1.5230981490943745, 1.8919845011800371, 2.0735068912710566], "fiveday": [0.020771513353115726, 1.5933821697037773, 1.8933851602608731, 2.076461769115442]}