{"Name": "JPI", "oneday": [0.5714285714285714, 0.4892708718123365, 1.0333774989036135], "twoday": [0.25, 0.6966616859288977, 1.0276306945687772], "threeday": [0.09821428571428571, 0.8912255146161838, 1.0276962310614046], "fourday": [0.04107142857142857, 0.9373207903033773, 1.0382954060453944], "fiveday": [0.023214285714285715, 1.0150654921486428, 1.0478400596025033]}