{"Name": "JTA", "oneday": [0.5584415584415584, 0.8960809680418287, 1.5739360191009433], "twoday": [0.2305194805194805, 1.1376676917734, 1.6323612709215063], "threeday": [0.10227272727272728, 1.3453446756264982, 1.6439618088890413], "fourday": [0.03571428571428571, 1.4171011895039722, 1.6400569488364765], "fiveday": [0.04383116883116883, 1.5506537347311438, 1.6908598362579117]}