{"Name": "LH", "oneday": [0.5847701149425287, 1.0152471735368238, 1.895687557369079, 1.9852579852579852], "twoday": [0.23563218390804597, 1.3276039968104945, 2.009321084188373, 1.998248686514886], "threeday": [0.10632183908045977, 1.5156522361524607, 1.9622334089644378, 1.9767441860465116], "fourday": [0.033045977011494254, 1.6102604998650305, 1.991382383953783, 1.973053892215569], "fiveday": [0.020114942528735632, 1.691213112403933, 2.0068944634608825, 1.9736070381231672]}