{"Name": "LIFE", "twoday": [0.2617801047120419, 8.197696338443484, 5.411515202786805, 1.79], "threeday": [0.13089005235602094, 11.270391366264185, 6.522176257780882, 1.8466666666666667], "fourday": [0.0549738219895288, 12.26078297707824, 6.666253328203843, 1.871345029239766], "fiveday": [0.031413612565445025, 12.668448616636784, 6.65170536678534, 1.8633879781420766]}