{"Name": "LLY", "oneday": [0.5477611940298508, 0.9567708730447549, 2.050366719554505, 2.084468664850136], "twoday": [0.2462686567164179, 1.3077242151977244, 2.0521430126279823, 2.069548872180451], "threeday": [0.11641791044776119, 1.5441446308063274, 2.073249548932196, 2.083606557377049], "fourday": [0.05970149253731343, 1.746013568625004, 2.088294714737461, 2.076923076923077], "fiveday": [0.016417910447761194, 1.7893096321220192, 2.1001197692624647, 2.075642965204236]}