{"Name": "LULU", "oneday": [0.5491923641703378, 1.5377863893243096, 3.415256723648027, 1.9786096256684491], "twoday": [0.2393538913362702, 2.2091563350549084, 3.3182626566712465, 1.9478584729981379], "threeday": [0.10572687224669604, 2.577569791122446, 3.4502949234137263, 1.9655172413793103], "fourday": [0.05726872246696035, 2.8276188459095835, 3.505008521927499, 1.9799382716049383], "fiveday": [0.030837004405286344, 3.004657422307089, 3.526169536257019, 1.9730941704035874]}