{"Name": "LUV", "oneday": [0.5449010654490106, 1.3523028632439216, 2.9118755828875638, 2.069832402234637], "twoday": [0.2404870624048706, 1.890476025241922, 3.0112727140967963, 2.124031007751938], "threeday": [0.1187214611872146, 2.339704489446955, 3.0456604512992063, 2.095959595959596], "fourday": [0.0517503805175038, 2.5502924120400245, 3.038440470379641, 2.0843949044585988], "fiveday": [0.0228310502283105, 2.6371759000605324, 3.0311965026251455, 2.0824261275272162]}