{"Name": "MAA", "oneday": [0.573394495412844, 0.9722521733154299, 1.927754640202212, 2.208], "twoday": [0.22629969418960244, 1.2981452147555723, 1.9543745225683307, 2.1892925430210326], "threeday": [0.10550458715596331, 1.4911721931520339, 1.9696928140094108, 2.177364864864865], "fourday": [0.05198776758409786, 1.7001759792573166, 2.0092542910992592, 2.15814696485623], "fiveday": [0.024464831804281346, 1.8038385360539915, 2.03088536456513, 2.1573208722741435]}