{"Name": "MAV", "oneday": [0.5265866209262435, 0.48611425856594914, 1.007793800980104], "twoday": [0.24528301886792453, 0.7266911152189997, 1.0476187336696166], "threeday": [0.11149228130360206, 0.8906748091761011, 1.0461257570713896], "fourday": [0.0548885077186964, 0.9907846054138364, 1.0448888796636837], "fiveday": [0.03430531732418525, 1.07787913747662, 1.0478608077209592]}