{"Name": "MMU", "oneday": [0.5886970172684458, 0.5462357780713627, 0.9999361889794934], "twoday": [0.18681318681318682, 0.6471247676620387, 1.0277884167649984], "threeday": [0.11616954474097331, 0.856710820180291, 1.0661338082217762], "fourday": [0.054945054945054944, 2.8634207137430514, 1.2759538479663317], "fiveday": [0.026687598116169546, 3.6237830632220986, 1.5719602924429046]}