{"Name": "MNP", "oneday": [0.5370370370370371, 0.44815931811605875, 0.9074078084251241], "twoday": [0.23905723905723905, 0.6311722566107485, 0.9497068705836227], "threeday": [0.132996632996633, 0.7881240922866817, 0.954112831604403], "fourday": [0.03872053872053872, 0.882220619265896, 0.9743056599787414], "fiveday": [0.016835016835016835, 0.913941203801278, 0.9729178791763702]}