{"Name": "MO", "oneday": [0.5267993874425727, 0.9010071894008366, 1.8266704219753405, 2.1802325581395348], "twoday": [0.2787136294027565, 1.299966956292599, 1.8415179938282011, 2.1254752851711025], "threeday": [0.10719754977029096, 1.4971303030702554, 1.8377225429067692, 2.109060402684564], "fourday": [0.05819295558958652, 1.67484134804725, 1.8627113879290897, 2.110410094637224], "fiveday": [0.015313935681470138, 1.6995690330407736, 1.8880600784749575, 2.125776397515528]}