{"Name": "MOG-A", "oneday": [0.5481927710843374, 1.3803291288801287, 3.0518554427039724], "twoday": [0.23343373493975902, 1.8001491895451704, 2.958141660937434], "threeday": [0.11746987951807229, 2.227139082404215, 2.9568258514766605], "fourday": [0.04969879518072289, 2.5429091624506794, 2.9986331067720045], "fiveday": [0.024096385542168676, 2.675648074987439, 3.008380717210277]}