{"Name": "MPX.AX", "oneday": [0.9722222222222222, 3.9364810540856126, 1.23430863280465, 1.2], "twoday": [0.027777777777777776, 4.081763872790329, 1.2000222818934096, 1.1944444444444444], "threeday": [0.0, 4.081763872790329, 1.2000222818934096, 1.1944444444444444], "fourday": [0.0, 4.081763872790329, 1.2000222818934096, 1.1944444444444444], "fiveday": [0.0, 4.081763872790329, 1.2000222818934096, 1.1944444444444444]}