{"Name": "MT.AS", "oneday": [0.49544072948328266, 1.9865549879490991, 4.121675403693113], "twoday": [0.24316109422492402, 2.695342472462223, 4.259532007602315], "threeday": [0.13677811550151975, 3.374086512017785, 4.289041520757541], "fourday": [0.05319148936170213, 3.621510387138687, 4.235807836733089], "fiveday": [0.03343465045592705, 3.8714861508012834, 4.2707131574026365]}