{"Name": "MT", "oneday": [0.4945904173106646, 2.30373201198722, 4.223232871707559, 1.93125], "twoday": [0.26738794435857804, 3.136409172757466, 4.44979802383283, 1.971602434077079], "threeday": [0.12364760432766615, 3.785182314723129, 4.483457355279799, 1.975567190226876], "fourday": [0.04482225656877898, 3.983933606226107, 4.455100349177731, 1.9700996677740863], "fiveday": [0.03863987635239567, 4.350736182513109, 4.446356193939466, 1.9728867623604465]}