{"Name": "MYHI", "oneday": [0.6242171189979123, 14.26359001505685, 18.11040775606902], "twoday": [0.23799582463465555, 17.110975199404155, 18.023306281050647], "threeday": [0.081419624217119, 18.148231920139057, 17.65804588585991], "fourday": [0.033402922755741124, 18.976572543387558, 17.35030454060594], "fiveday": [0.014613778705636743, 19.568760814634604, 17.59104447184661]}