{"Name": "NAT", "oneday": [0.5007751937984496, 2.4260532254942615, 4.62561731139745, 1.8359133126934986], "twoday": [0.2434108527131783, 3.1993231582802593, 4.4875961824267785, 1.8979166666666667], "threeday": [0.12713178294573643, 3.724063471022958, 4.583096155740666, 1.9234875444839858], "fiveday": [0.024806201550387597, 13.15577201448257, 6.309382314328257, 2.4375]}