{"Name": "NAZ", "oneday": [0.6090909090909091, 0.594094041794929, 0.9196920505579796], "twoday": [0.22272727272727272, 0.6939035651018485, 0.9216304410660018], "threeday": [0.0696969696969697, 0.7759162602050388, 0.9299176745100644], "fourday": [0.05757575757575758, 0.8906280769110871, 0.9467027095559374], "fiveday": [0.019696969696969695, 3.199513429639853, 1.1481363013732893]}