{"Name": "NBRV", "oneday": [0.46438746438746437, 3.1499470998882955, 5.8070494090621905], "twoday": [0.27350427350427353, 4.4120249341536315, 5.7632842926673495], "threeday": [0.11965811965811966, 12.223833714875306, 6.848397423165822], "fourday": [0.05982905982905983, 12.158005133542765, 5.885038967555328], "fiveday": [0.02849002849002849, 12.674600073464708, 6.011344231246121]}