{"Name": "NIE", "oneday": [0.5548489666136724, 0.7218797113435821, 1.5258153743875371], "twoday": [0.23370429252782193, 1.0385512468750049, 1.5360501840492733], "threeday": [0.11128775834658187, 1.2292031272515012, 1.4952414746592397], "fourday": [0.06041335453100159, 1.3743185048575857, 1.4982593501879347], "fiveday": [0.028616852146263912, 1.4427678309210483, 1.5175990368349244]}