{"Name": "NKX", "oneday": [0.5752066115702479, 0.4699096435946644, 0.8830972129596912], "twoday": [0.21652892561983472, 0.6007285783767318, 0.849567308266785], "threeday": [0.11074380165289256, 0.7710729367219954, 0.8991681477183897], "fourday": [0.047933884297520664, 0.8515350342616571, 0.9178664875685909], "fiveday": [0.021487603305785124, 0.8960089291533591, 0.9194431999540383]}