{"Name": "NLY", "oneday": [0.5592705167173252, 0.9693637162458415, 1.754448481173855, 2.029891304347826], "twoday": [0.26595744680851063, 1.3565216402554976, 1.7327935513174053, 2.0773480662983426], "threeday": [0.10182370820668693, 1.6156112276690096, 1.7597050900267661, 2.0491803278688523], "fourday": [0.0425531914893617, 1.7908469813388586, 1.7726762595151329, 2.0579937304075235], "fiveday": [0.015197568389057751, 1.8457713471051052, 1.7756053238327547, 2.0555555555555554]}