{"Name": "NUW", "oneday": [0.5079872204472844, 0.5802956896791329, 1.0054389165735185], "twoday": [0.2795527156549521, 0.742847013092297, 1.0444318727111614], "threeday": [0.10063897763578275, 1.8423054330421185, 0.9762043180601447], "fourday": [0.052715654952076675, 2.1043788309268465, 0.9926771000042295], "fiveday": [0.03194888178913738, 2.3229123949242063, 1.0737482002856908]}