{"Name": "NVG", "oneday": [0.5540540540540541, 0.4548861890945562, 0.8297662844528558], "twoday": [0.23648648648648649, 0.5549054080647904, 0.8098484500884123], "threeday": [0.12162162162162163, 1.6442506464180418, 1.1744205813206754], "fourday": [0.04560810810810811, 1.8716244598734288, 1.161609444539182], "fiveday": [0.018581081081081082, 1.9573792163022412, 1.1868934243467244]}