{"Name": "NVO", "oneday": [0.5472263868065967, 1.228230606201982, 2.249151741399407, 2.0], "twoday": [0.24437781109445278, 1.5617801288924322, 2.288408179109383, 2.0359848484848486], "threeday": [0.11694152923538231, 1.8073351483608584, 2.305131531530784, 2.0297029702970297], "fourday": [0.047976011994003, 1.9345150240834663, 2.3270927152016427, 2.031347962382445], "fiveday": [0.022488755622188907, 2.029417884526339, 2.3191341543467114, 2.0306278713629404]}