{"Name": "NVS", "oneday": [0.5375375375375375, 0.8441485585875276, 1.667784405298798, 2.094972067039106], "twoday": [0.2552552552552553, 1.1489791148514785, 1.62403305859513, 2.0208333333333335], "threeday": [0.10960960960960961, 1.329336253399491, 1.6646208870634844, 2.0399334442595674], "fourday": [0.05405405405405406, 1.4457509650572573, 1.678855265973391, 2.0392464678178963], "fiveday": [0.01951951951951952, 1.5290683739035729, 1.676418469513843, 2.0338461538461536]}