{"Name": "NZF", "oneday": [0.5805921052631579, 0.35873396971279914, 0.8479368586041066], "twoday": [0.21710526315789475, 0.47441905184079247, 0.8170171809819072], "threeday": [0.09703947368421052, 1.7918331268996306, 1.1669580793470797], "fourday": [0.05592105263157895, 2.2767887428976032, 1.2226290599689476], "fiveday": [0.019736842105263157, 2.3971562939111517, 1.2761878797809962]}