{"Name": "ORG.AX", "oneday": [0.496875, 1.5463184883173953, 2.7460742511202105], "twoday": [0.2609375, 2.0819252195760094, 2.781128015949838], "threeday": [0.1328125, 2.4517551608798938, 2.765039840306354], "fourday": [0.0609375, 2.832454026891914, 2.7960822392781264], "fiveday": [0.0234375, 2.951265373668096, 2.793351011494304]}