{"Name": "ORLY", "oneday": [0.5511695906432749, 1.125028477537643, 2.275132694287705, 2.1087533156498672], "twoday": [0.2719298245614035, 1.4716733589508584, 2.2439222369768332, 2.0568383658969807], "threeday": [0.10526315789473684, 1.6783203287060329, 2.219437510609472, 2.0488188976377955], "fourday": [0.04093567251461988, 1.8126068370108728, 2.2610110308003843, 2.052790346907994], "fiveday": [0.017543859649122806, 1.8874929293837637, 2.2799965579200507, 2.0503703703703704]}