{"Name": "PAA", "oneday": [0.4793388429752066, 1.5015877905986776, 3.026616461692916, 2.1379310344827585], "twoday": [0.22479338842975208, 2.2198162880206986, 3.2425869502609475, 2.136150234741784], "threeday": [0.14049586776859505, 2.891448417146678, 3.4193628068476527, 2.131115459882583], "fourday": [0.06942148760330578, 3.13091274336046, 3.385670475871883, 2.1392405063291138], "fiveday": [0.049586776859504134, 3.4530298831459976, 3.480936266782455, 2.1612349914236706]}