{"Name": "PAI", "oneday": [0.5625, 0.6487953369515431, 1.1226077682350935], "twoday": [0.23780487804878048, 0.8437006791107474, 1.1199174953934035], "threeday": [0.0975609756097561, 0.9799658702745248, 1.154339664405307], "fourday": [0.054878048780487805, 1.0928117287609687, 1.1726130657210625], "fiveday": [0.028963414634146343, 3.4508574684234143, 1.8215822294309623]}