{"Name": "PANW", "oneday": [0.5531914893617021, 1.516568354562511, 3.6335156770149455, 2.1346153846153846], "threeday": [0.11170212765957446, 5.049478144382705, 3.931797571955252, 2.2222222222222223], "fourday": [0.051418439716312055, 6.050278248115588, 3.7418674104548013, 2.1956521739130435], "fiveday": [0.015957446808510637, 6.22120323546714, 3.628400821743388, 2.118811881188119]}