{"Name": "PHX", "oneday": [0.5147492625368731, 2.3223692916228766, 4.010879684630412], "twoday": [0.24188790560471976, 3.0977235129568617, 4.139561880720181], "threeday": [0.12979351032448377, 3.7051254556765354, 4.129548896046031], "fourday": [0.061946902654867256, 4.0500424938960276, 4.185316287993823], "fiveday": [0.028023598820058997, 4.334721390911966, 4.224985688854997]}