{"Name": "PKG", "oneday": [0.5434131736526946, 1.2389055293728173, 2.5511034527908647, 2.038567493112948], "twoday": [0.26497005988023953, 1.5988055664178917, 2.5125259059193494, 2.0925925925925926], "threeday": [0.10029940119760479, 1.8668942220621592, 2.510588716691399, 2.088962108731466], "fourday": [0.05688622754491018, 2.0839767390203345, 2.5701314535007644, 2.1023255813953488], "fiveday": [0.01347305389221557, 2.126805313454842, 2.553947427912988, 2.091743119266055]}