{"Name": "PSF", "oneday": [0.5348101265822784, 0.7867970746259628, 1.4735934573114704], "twoday": [0.24841772151898733, 1.0220939535370959, 1.3544859465744077], "threeday": [0.1360759493670886, 1.1940082301162582, 1.3630868957438735], "fourday": [0.03955696202531646, 1.2873234999425722, 1.3715861521180992], "fiveday": [0.014240506329113924, 1.3367134379996983, 1.3761073368794885]}