{"Name": "QBE.AX", "oneday": [0.5118343195266272, 1.217909033845941, 2.178173313534372], "twoday": [0.2677514792899408, 1.8374468541606053, 2.474512503418123], "threeday": [0.14053254437869822, 2.1660772491154994, 2.447630149223246], "fourday": [0.05473372781065089, 2.3643786109801663, 2.4620611041821583], "fiveday": [0.016272189349112426, 2.468354821290106, 2.455048095161544]}