{"Name": "RAD", "oneday": [0.5209302325581395, 2.6182012901945635, 4.897965542436728, 1.7589285714285714], "twoday": [0.23565891472868217, 3.4221514888868483, 5.090922942372009, 1.7950819672131149], "threeday": [0.11007751937984496, 4.1563191029252025, 5.2756561420013055, 1.8318425760286225], "fourday": [0.06356589147286822, 4.676823506796669, 5.355824524061758, 1.8466666666666667], "fiveday": [0.043410852713178294, 5.020720469493837, 5.313207642753502, 1.8407643312101911]}