{"Name": "RBA", "oneday": [0.4976228209191759, 1.1138289952326086, 2.6836070976649067, 2.2420382165605095], "twoday": [0.25990491283676703, 1.5944462083174176, 2.541045224565474, 2.1234309623430963], "threeday": [0.1347068145800317, 2.002345540403177, 2.5933497083218606, 2.1119005328596803], "fourday": [0.05229793977812995, 2.2083825392332264, 2.6224157478978953, 2.1006711409395975], "fiveday": [0.030110935023771792, 2.3752324352909, 2.6754271341352664, 2.1219512195121952]}