{"Name": "RKDA", "oneday": [0.46194225721784776, 5.101957723524465, 11.501464186957236], "twoday": [0.2545931758530184, 6.583753282921583, 10.561155989938051], "threeday": [0.13123359580052493, 15.710000495677134, 8.973988132287667], "fourday": [0.06561679790026247, 16.213283941947402, 7.7353358529881175], "fiveday": [0.05249343832020997, 17.390990249281, 7.1584300437517685]}