{"Name": "RS", "oneday": [0.5477611940298508, 1.458938225325858, 2.6682252730470783, 1.9727520435967303], "twoday": [0.23582089552238805, 1.876008642758956, 2.7476423828241963, 1.9980952380952381], "threeday": [0.11194029850746269, 2.144679185651736, 2.7817473464064664, 2.01], "fourday": [0.04776119402985075, 2.250617426641102, 2.741479572507342, 1.995253164556962], "fiveday": [0.03283582089552239, 2.4433947572314656, 2.7741791362584824, 1.9954128440366972]}