{"Name": "SAIC", "oneday": [0.5433884297520661, 1.5024729953466809, 2.622235977222836, 2.1216730038022815], "twoday": [0.2665289256198347, 2.046897785476381, 2.83016242797314, 2.1658163265306123], "threeday": [0.11570247933884298, 2.3096706057441696, 2.8321761893053257, 2.1517857142857144], "fourday": [0.04338842975206612, 2.4641112761305086, 2.8380804196762024, 2.1492537313432836], "fiveday": [0.01859504132231405, 2.5923606468722133, 2.8669883002294587, 2.1673640167364017]}