{"Name": "SAVE", "oneday": [0.5295031055900621, 2.1037206349826048, 4.413823504980768, 2.035190615835777], "twoday": [0.2484472049689441, 2.946247529199629, 4.339733714696455, 1.9840319361277445], "threeday": [0.11335403726708075, 3.5478975575046188, 4.3214724848143025, 1.956445993031359], "fourday": [0.06055900621118013, 3.8413851017334633, 4.518934153501576, 1.9820554649265905], "fiveday": [0.020186335403726708, 3.8999257407579844, 4.506207006333961, 1.987220447284345]}