{"Name": "SCD", "oneday": [0.5901898734177216, 0.7214692437610357, 1.588922295990429], "twoday": [0.20569620253164558, 0.9433181225429477, 1.5539400234832808], "threeday": [0.10917721518987342, 1.2694995202272488, 1.5671058633479371], "fourday": [0.04272151898734177, 1.3919549685694066, 1.580068904565246], "fiveday": [0.023734177215189875, 1.4959717295843562, 1.5957773404802016]}