{"Name": "SIEGY", "oneday": [0.5342261904761905, 1.2710649450399731, 2.366031769061677], "twoday": [0.25744047619047616, 1.646505966507948, 2.3591013235537304], "threeday": [0.10863095238095238, 1.9096327562342361, 2.399633117680141], "fourday": [0.044642857142857144, 2.0335218835154576, 2.3689614400001044], "fiveday": [0.03273809523809524, 2.1590976084670697, 2.368688946524782]}