{"Name": "SKAS", "oneday": [0.7290167865707434, 22.077969178912255, 21.067801081593217], "twoday": [0.19904076738609114, 20.864332187286355, 18.522453412300976], "threeday": [0.050359712230215826, 20.62526449885006, 18.04878368668001], "fourday": [0.014388489208633094, 21.04234555957039, 18.082368859912087], "fiveday": [0.004796163069544364, 21.05590947520961, 18.06099385585017]}