{"Name": "T", "oneday": [0.5519877675840978, 0.904899224598071, 1.7260047009214723, 2.102493074792244], "twoday": [0.22782874617737003, 1.1815404429313234, 1.6751717250448195, 2.092156862745098], "threeday": [0.11467889908256881, 1.4127612571317132, 1.6891043665061003, 2.083760683760684], "fourday": [0.05504587155963303, 1.5662656750005903, 1.725526379496997, 2.0933977455716586], "fiveday": [0.035168195718654434, 1.6607207518379363, 1.7110116909529804, 2.0822981366459627]}