{"Name": "TPZ", "oneday": [0.5190476190476191, 0.8165220320442342, 1.7041830651075838], "twoday": [0.2396825396825397, 1.0649471492003553, 1.6411563817711825], "threeday": [0.12380952380952381, 1.5051329704148204, 1.793950962213239], "fourday": [0.047619047619047616, 1.5838419270071278, 1.7780894456384788], "fiveday": [0.03650793650793651, 1.760302728759761, 1.8399516243449758]}