{"Name": "UA", "oneday": [0.5111111111111111, 2.4101280585642693, 4.505561292744545, 1.9751552795031055], "twoday": [0.23492063492063492, 2.847095217317579, 4.401363930664522, 1.9446808510638298], "threeday": [0.12380952380952381, 3.5699338800213343, 4.515382844538919, 1.9854014598540146], "fourday": [0.047619047619047616, 4.03082984157798, 4.558414545283104, 1.9965397923875432], "fiveday": [0.031746031746031744, 4.194629275302129, 4.499733855568228, 1.9866220735785953]}