{"Name": "UBS", "oneday": [0.5218068535825545, 4.718008814598919, 2.6797248805424836, 2.011940298507463], "twoday": [0.21495327102803738, 4.153408139261131, 5.155262301851761, 1.9978858350951374], "threeday": [0.1308411214953271, 4.230635442234948, 4.814493710340536, 2.0089766606822264], "fourday": [0.06386292834890965, 4.318305089915324, 4.70784798905004, 2.0133779264214047], "fiveday": [0.04205607476635514, 4.458190979207171, 4.650240840342399, 2.0304]}