{"Name": "USA", "oneday": [0.5930807248764415, 0.9443176550079619, 1.5188253898280453], "twoday": [0.23393739703459637, 1.2599899905395826, 1.6638142790443267], "threeday": [0.09884678747940692, 1.5077490196932253, 1.6783430728689133], "fourday": [0.044481054365733116, 1.6407738096745998, 1.7061223402660421], "fiveday": [0.014827018121911038, 1.708621063436381, 1.7146234845552195]}