{"Name": "VJET", "oneday": [0.45322245322245325, 3.4587402889925984, 6.663477181437668, 1.8027522935779816], "threeday": [0.14345114345114346, 11.95158562945351, 5.102425118461817, 1.4927536231884058], "fourday": [0.07068607068607069, 13.1782306168107, 5.390465160834378, 1.5242718446601942], "fiveday": [0.033264033264033266, 13.328187871335276, 5.242096648428371, 1.5630252100840336]}