{"Name": "VKI", "oneday": [0.5611390284757118, 0.5247344040121914, 0.943444086201646], "twoday": [0.21775544388609716, 0.6466671099503637, 0.9688984536779026], "threeday": [0.10720268006700168, 0.7797617836075771, 0.980185685600567], "fourday": [0.051926298157453935, 0.910781551448829, 1.0161954462129559], "fiveday": [0.021775544388609715, 0.9688299437994222, 1.0228037168972157]}