{"Name": "VRSK", "oneday": [0.5529061102831595, 0.8950850123551486, 1.7623682929300446, 1.9757412398921832], "twoday": [0.2473919523099851, 1.2226845402820732, 1.8372946497295979, 2.063314711359404], "threeday": [0.11624441132637854, 1.4357965836891795, 1.8399525154157201, 2.0504065040650405], "fourday": [0.046199701937406856, 1.5431052519275115, 1.8411022976307665, 2.0526315789473686], "fiveday": [0.022354694485842028, 1.5841694093487886, 1.8608908560872184, 2.066565809379728]}