{"Name": "WAB", "oneday": [0.508716323296355, 1.363179924852019, 2.7015720067482922, 2.0218068535825546], "twoday": [0.24722662440570523, 1.7844739627010338, 2.77619817789286, 2.0545073375262053], "threeday": [0.13312202852614896, 2.2265706876402795, 2.93281364197414, 2.1140819964349378], "fourday": [0.0554675118858954, 2.3966758479056, 2.958598878670943, 2.1308724832214767], "fiveday": [0.02694136291600634, 2.58254676266849, 2.9993270961017284, 2.1517128874388254]}