{"Name": "WAT.AX", "oneday": [0.8789473684210526, 3.5069148729245425, 1.0252155845505215], "twoday": [0.10526315789473684, 6.863114433990139, 2.9159229136806113], "threeday": [0.010526315789473684, 7.492374203296007, 2.650839012436919], "fiveday": [0.005263157894736842, 7.778691344115837, 2.5355851423309663]}