{"Name": "WBA", "oneday": [0.497737556561086, 1.1321927988800495, 2.4694422951063855, 1.9787878787878788], "twoday": [0.277526395173454, 1.69160641878772, 2.481021621425035, 1.982490272373541], "threeday": [0.1085972850678733, 1.9806253812775718, 2.4607770420819017, 1.9914675767918089], "fourday": [0.06636500754147813, 2.162274489631348, 2.452741364443502, 1.9841269841269842], "fiveday": [0.03167420814479638, 2.2723175804351246, 2.448502451817722, 1.9800307219662059]}