{"Name": "WEA", "oneday": [0.5603715170278638, 0.5678531696922811, 1.0847546121922305], "twoday": [0.24458204334365324, 0.7331726002619208, 1.0371677771917973], "threeday": [0.09442724458204334, 0.844310133972735, 1.0651801238652618], "fourday": [0.05417956656346749, 1.0123011002003501, 1.1063421409219822], "fiveday": [0.015479876160990712, 1.0698632708297675, 1.1287786007463865]}