{"Name": "WIA", "oneday": [0.5770992366412214, 0.37927844429001645, 0.6744554228584223], "twoday": [0.22595419847328244, 0.5213466048819585, 0.6827230578044732], "threeday": [0.11145038167938931, 0.6073945353589596, 0.6811992227747905], "fourday": [0.050381679389312976, 0.684688292779546, 0.6950160745866748], "fiveday": [0.00916030534351145, 0.7047584235170984, 0.6941379729989194]}