{"Name": "WMC", "oneday": [0.5166051660516605, 1.3030901313773775, 2.4774281946089496, 2.15], "twoday": [0.25276752767527677, 1.9341061046150467, 2.4824075790656925, 2.0983213429256593], "threeday": [0.11992619926199262, 2.763226524854065, 2.728666403104187, 2.087136929460581], "fourday": [0.06088560885608856, 2.9286909101839447, 2.695495764163916, 2.0563106796116504], "fiveday": [0.027675276752767528, 3.381302602276066, 2.9205631618014873, 2.069811320754717]}