{"Name": "WOW.AX", "oneday": [0.504746835443038, 0.8203452517736565, 1.6963224531263772], "twoday": [0.27056962025316456, 1.1427516905489026, 1.700831790270141], "threeday": [0.12025316455696203, 2.9934238007572738, 1.6085471733004741], "fourday": [0.04746835443037975, 3.2457856915050423, 1.8361453344610073], "fiveday": [0.022151898734177215, 3.3554605322857713, 1.8049933665358957]}