{"Name": "WRN", "oneday": [0.6045197740112994, 4.015792802867415, 5.1455196354259], "twoday": [0.2457627118644068, 4.874950617383809, 5.329642835381656], "threeday": [0.08898305084745763, 5.375564552274796, 5.266223964381295], "fourday": [0.038135593220338986, 5.804389410621771, 5.364876744497783], "fiveday": [0.009887005649717515, 6.0208694480793365, 5.406949147451824]}