{"Name": "XLRN", "oneday": [0.49369747899159666, 2.832177521641423, 6.156838898419513, 2.2297872340425533], "twoday": [0.2605042016806723, 3.635717131553398, 5.6356911514724315, 2.0807799442896937], "threeday": [0.1323529411764706, 4.127591124143265, 5.53466570752242, 2.0473933649289098], "fourday": [0.046218487394957986, 4.419730769015171, 5.608893858835406, 2.063063063063063], "fiveday": [0.04411764705882353, 4.794759109407548, 5.718033099714972, 2.0817204301075267]}