{"Name": "XRF.AX", "oneday": [0.8043912175648703, 4.071003909576623, 3.075119655261107], "twoday": [0.15568862275449102, 4.68928854653252, 3.3141905765793878], "threeday": [0.029940119760479042, 4.833112698916472, 3.337407793985322], "fourday": [0.007984031936127744, 4.907230944773453, 3.324271757576214]}