{"Name": "Y", "oneday": [0.5586107091172214, 0.9345439225418024, 1.835663638802965, 1.9378238341968912], "twoday": [0.22865412445730826, 1.2241226129290463, 1.7808344507127103, 1.9080882352941178], "threeday": [0.13314037626628075, 1.5054887298604425, 1.8241983611274502, 1.9261006289308176], "fourday": [0.04052098408104197, 1.6610077396698606, 1.8882038847928566, 1.9503012048192772], "fiveday": [0.02604920405209841, 1.7297249320189991, 1.9095459336525604, 1.9794721407624634]}